basin_id,feature_0,feature_1,feature_2,feature_3,feature_4,feature_5,feature_6,feature_7,feature_8,feature_9,feature_10,feature_11,feature_12,feature_13,feature_14,feature_15,feature_16,feature_17,feature_18,feature_19,feature_20,feature_21,feature_22,feature_23,feature_24,feature_25,feature_26,feature_27,feature_28,feature_29,feature_30,feature_31,feature_32,feature_33,feature_34,feature_35,feature_36,feature_37,feature_38,feature_39,feature_40,feature_41,feature_42,feature_43,feature_44,feature_45,feature_46,feature_47,feature_48,feature_49,feature_50,feature_51,feature_52,feature_53,feature_54,feature_55,feature_56,feature_57,feature_58,feature_59,feature_60,feature_61,feature_62,feature_63,feature_64,feature_65,feature_66,feature_67,feature_68,feature_69,feature_70,feature_71,feature_72,feature_73,feature_74,feature_75,feature_76,feature_77,feature_78,feature_79,feature_80,feature_81,feature_82,feature_83,feature_84,feature_85,feature_86,feature_87,feature_88,feature_89,feature_90,feature_91,feature_92,feature_93,feature_94,feature_95,feature_96,feature_97,feature_98,feature_99,feature_100,feature_101,feature_102,feature_103,feature_104,feature_105,feature_106,feature_107,feature_108,feature_109,feature_110,feature_111,feature_112,feature_113,feature_114,feature_115,feature_116,feature_117,feature_118,feature_119,feature_120,feature_121,feature_122,feature_123,feature_124,feature_125,feature_126,feature_127,feature_128,feature_129,feature_130,feature_131,feature_132,feature_133,feature_134,feature_135,feature_136,feature_137,feature_138,feature_139,feature_140,feature_141,feature_142,feature_143,feature_144,feature_145,feature_146,feature_147,feature_148,feature_149
4070025450,tensor(-0.2580),tensor(0.2218),tensor(-0.1256),tensor(0.1296),tensor(0.2175),tensor(0.1744),tensor(0.3399),tensor(0.2103),tensor(-0.1623),tensor(0.1678),tensor(0.0208),tensor(-0.1826),tensor(-0.1769),tensor(-0.1791),tensor(-0.2118),tensor(-0.2630),tensor(0.0820),tensor(0.1320),tensor(0.1654),tensor(-0.1684),tensor(-0.2931),tensor(0.1004),tensor(0.2178),tensor(0.0401),tensor(-0.1722),tensor(0.2821),tensor(0.1289),tensor(-0.0417),tensor(0.0997),tensor(-0.1658),tensor(-0.2217),tensor(-0.2043),tensor(0.2159),tensor(0.1247),tensor(-0.2091),tensor(-0.1992),tensor(0.2180),tensor(0.2424),tensor(-0.1872),tensor(-0.2346),tensor(0.3506),tensor(0.1934),tensor(-0.1491),tensor(-0.1320),tensor(0.2065),tensor(0.2066),tensor(-0.2703),tensor(-0.1142),tensor(0.1369),tensor(0.2383),tensor(0.2907),tensor(0.0815),tensor(0.1791),tensor(0.1988),tensor(-0.1993),tensor(-0.1555),tensor(0.1393),tensor(0.2518),tensor(-0.1182),tensor(0.1458),tensor(0.2129),tensor(0.1692),tensor(0.1557),tensor(0.0088),tensor(-0.2306),tensor(-0.0968),tensor(0.0940),tensor(0.0980),tensor(-0.1296),tensor(-0.0530),tensor(-0.1029),tensor(0.1887),tensor(0.2111),tensor(0.2560),tensor(-0.0827),tensor(0.1622),tensor(0.2336),tensor(0.1757),tensor(0.1772),tensor(-0.0970),tensor(-0.1011),tensor(0.0505),tensor(0.1017),tensor(0.2126),tensor(0.1893),tensor(0.2034),tensor(-0.2233),tensor(0.1858),tensor(0.3159),tensor(0.2265),tensor(-0.2096),tensor(-0.1157),tensor(-0.1701),tensor(0.1895),tensor(0.1620),tensor(0.1757),tensor(-0.0343),tensor(-0.2707),tensor(0.1003),tensor(0.1633),tensor(-0.2208),tensor(-0.2561),tensor(-0.1637),tensor(0.1949),tensor(-0.1051),tensor(0.1081),tensor(-0.0873),tensor(-0.2575),tensor(0.2848),tensor(0.1755),tensor(0.1986),tensor(-0.0765),tensor(0.1612),tensor(-0.1002),tensor(0.2042),tensor(-0.1209),tensor(-0.2168),tensor(-0.1520),tensor(0.1432),tensor(0.2033),tensor(-0.1498),tensor(0.0883),tensor(-0.0752),tensor(-0.0740),tensor(-0.1669),tensor(-0.2225),tensor(-0.2300),tensor(-0.1935),tensor(0.1662),tensor(0.0722),tensor(-0.0522),tensor(0.3109),tensor(-0.1686),tensor(0.1119),tensor(-0.1607),tensor(0.2042),tensor(0.1608),tensor(0.1501),tensor(0.1520),tensor(0.2333),tensor(0.1000),tensor(0.3242),tensor(0.1883),tensor(-0.2322),tensor(0.2033),tensor(-0.1904),tensor(0.2056),tensor(0.1810),tensor(-0.2491),tensor(0.2166)
4070922800,tensor(-0.2639),tensor(0.1997),tensor(-0.1455),tensor(0.1133),tensor(0.2254),tensor(0.1408),tensor(0.3603),tensor(0.2045),tensor(-0.1394),tensor(0.1473),tensor(0.0607),tensor(-0.1664),tensor(-0.1936),tensor(-0.1736),tensor(-0.2248),tensor(-0.2943),tensor(-0.0315),tensor(-0.0114),tensor(0.1510),tensor(-0.1206),tensor(-0.3328),tensor(0.1319),tensor(0.2182),tensor(0.0899),tensor(-0.1540),tensor(0.2859),tensor(0.0815),tensor(0.1248),tensor(0.0984),tensor(-0.1462),tensor(-0.2262),tensor(-0.1768),tensor(0.2124),tensor(0.1013),tensor(-0.2188),tensor(-0.1898),tensor(0.2244),tensor(0.2780),tensor(-0.2106),tensor(-0.2486),tensor(0.3868),tensor(0.1659),tensor(-0.1018),tensor(-0.0584),tensor(0.1833),tensor(0.1833),tensor(-0.2671),tensor(0.0617),tensor(0.1541),tensor(0.2345),tensor(0.3220),tensor(-0.0340),tensor(0.1891),tensor(0.1741),tensor(-0.1678),tensor(-0.1598),tensor(0.0910),tensor(0.2495),tensor(-0.1567),tensor(0.1317),tensor(0.1820),tensor(0.1564),tensor(0.1818),tensor(0.0576),tensor(-0.2305),tensor(-0.0884),tensor(0.0446),tensor(-0.0844),tensor(-0.0913),tensor(0.0904),tensor(0.0557),tensor(0.1517),tensor(0.2392),tensor(0.2682),tensor(0.0535),tensor(0.1830),tensor(0.2183),tensor(0.1452),tensor(0.1735),tensor(-0.0107),tensor(0.0450),tensor(-0.1082),tensor(0.0323),tensor(0.2096),tensor(0.1462),tensor(0.1862),tensor(-0.2263),tensor(0.1477),tensor(0.3333),tensor(0.2387),tensor(-0.2107),tensor(-0.0543),tensor(-0.1465),tensor(0.1708),tensor(0.1524),tensor(0.1694),tensor(0.0211),tensor(-0.2984),tensor(0.0075),tensor(0.1752),tensor(-0.2010),tensor(-0.2487),tensor(-0.1560),tensor(0.1738),tensor(0.0833),tensor(0.0755),tensor(0.0688),tensor(-0.2379),tensor(0.2976),tensor(0.1163),tensor(0.1665),tensor(0.0832),tensor(0.1127),tensor(0.0606),tensor(0.2026),tensor(-0.1370),tensor(-0.2079),tensor(-0.1359),tensor(0.1181),tensor(0.1740),tensor(-0.1143),tensor(-0.0560),tensor(-0.1014),tensor(0.0670),tensor(-0.1552),tensor(-0.2109),tensor(-0.2590),tensor(-0.1988),tensor(0.1633),tensor(0.0080),tensor(0.1287),tensor(0.3377),tensor(-0.2046),tensor(0.1046),tensor(-0.1608),tensor(0.2030),tensor(0.1590),tensor(0.1256),tensor(0.1754),tensor(0.2688),tensor(-0.0303),tensor(0.3237),tensor(0.1544),tensor(-0.2196),tensor(0.1981),tensor(-0.1835),tensor(0.1913),tensor(0.1910),tensor(-0.2337),tensor(0.2111)
4070842610,tensor(0.0080),tensor(-0.1817),tensor(-0.1028),tensor(-0.1932),tensor(-0.1165),tensor(-0.2427),tensor(0.0194),tensor(-0.1962),tensor(0.1601),tensor(-0.1545),tensor(0.2398),tensor(0.2727),tensor(0.0033),tensor(0.2040),tensor(0.0496),tensor(-0.0954),tensor(-0.7165),tensor(-0.7089),tensor(-0.2075),tensor(0.3609),tensor(-0.1655),tensor(0.1229),tensor(-0.0280),tensor(0.2510),tensor(0.3009),tensor(-0.0786),tensor(-0.2987),tensor(0.7993),tensor(-0.0270),tensor(0.1010),tensor(0.1439),tensor(0.2200),tensor(-0.1377),tensor(-0.2097),tensor(0.0977),tensor(0.1180),tensor(-0.0343),tensor(0.0434),tensor(-0.0466),tensor(0.0958),tensor(0.1077),tensor(-0.2382),tensor(0.3657),tensor(0.4664),tensor(-0.2271),tensor(-0.1281),tensor(0.0648),tensor(0.7893),tensor(0.0211),tensor(-0.1295),tensor(0.1444),tensor(-0.6501),tensor(-0.1299),tensor(-0.1887),tensor(0.2676),tensor(0.0614),tensor(-0.3694),tensor(-0.0947),tensor(-0.1794),tensor(-0.2221),tensor(-0.2702),tensor(-0.2268),tensor(-0.0100),tensor(0.2921),tensor(0.1944),tensor(0.1031),tensor(-0.4617),tensor(-0.7967),tensor(0.3522),tensor(0.7502),tensor(0.7460),tensor(-0.2998),tensor(0.0545),tensor(-0.0291),tensor(0.7121),tensor(0.0308),tensor(-0.1690),tensor(-0.3126),tensor(-0.1550),tensor(0.5839),tensor(0.7349),tensor(-0.7997),tensor(-0.3601),tensor(-0.0745),tensor(-0.3906),tensor(-0.2627),tensor(0.0663),tensor(-0.2734),tensor(0.1264),tensor(0.0685),tensor(0.1589),tensor(0.4245),tensor(0.2044),tensor(-0.2524),tensor(-0.0802),tensor(-0.1271),tensor(0.3074),tensor(0.0146),tensor(-0.5131),tensor(-0.1007),tensor(0.1676),tensor(0.1329),tensor(0.2098),tensor(-0.2083),tensor(0.8318),tensor(-0.2000),tensor(0.7136),tensor(0.2005),tensor(-0.0685),tensor(-0.3793),tensor(-0.2892),tensor(0.7662),tensor(-0.3269),tensor(0.7611),tensor(-0.1683),tensor(-0.0536),tensor(0.1306),tensor(0.2332),tensor(-0.2527),tensor(-0.3002),tensor(0.3041),tensor(-0.7354),tensor(-0.0779),tensor(0.7772),tensor(0.0801),tensor(0.1038),tensor(-0.1370),tensor(0.0630),tensor(-0.1328),tensor(-0.3240),tensor(0.7972),tensor(0.1337),tensor(-0.1659),tensor(-0.0110),tensor(0.1284),tensor(-0.1433),tensor(-0.0654),tensor(-0.2259),tensor(0.0931),tensor(0.1334),tensor(-0.6925),tensor(-0.0763),tensor(-0.2257),tensor(0.1814),tensor(-0.1107),tensor(0.0789),tensor(-0.1417),tensor(-0.0431),tensor(0.1550),tensor(-0.1219)
4070891490,tensor(-0.2838),tensor(0.2448),tensor(-0.1579),tensor(0.1601),tensor(0.2555),tensor(0.2088),tensor(0.3842),tensor(0.2494),tensor(-0.1814),tensor(0.1774),tensor(0.0453),tensor(-0.2340),tensor(-0.2209),tensor(-0.2323),tensor(-0.2698),tensor(-0.3038),tensor(0.1445),tensor(0.1273),tensor(0.1935),tensor(-0.1968),tensor(-0.3541),tensor(0.1336),tensor(0.2395),tensor(0.0605),tensor(-0.2379),tensor(0.3186),tensor(0.1207),tensor(-0.0429),tensor(0.1107),tensor(-0.1673),tensor(-0.2763),tensor(-0.2257),tensor(0.2407),tensor(0.1332),tensor(-0.2496),tensor(-0.2197),tensor(0.2267),tensor(0.2911),tensor(-0.2335),tensor(-0.3002),tensor(0.4155),tensor(0.2078),tensor(-0.1790),tensor(-0.1467),tensor(0.2465),tensor(0.2170),tensor(-0.3002),tensor(-0.1210),tensor(0.1636),tensor(0.2819),tensor(0.3259),tensor(0.1111),tensor(0.2233),tensor(0.2033),tensor(-0.2352),tensor(-0.1809),tensor(0.1731),tensor(0.2733),tensor(-0.1531),tensor(0.1883),tensor(0.2572),tensor(0.2030),tensor(0.2299),tensor(0.0135),tensor(-0.2823),tensor(-0.1209),tensor(0.1365),tensor(0.0878),tensor(-0.1664),tensor(-0.0728),tensor(-0.1026),tensor(0.2159),tensor(0.2623),tensor(0.2861),tensor(-0.1113),tensor(0.2033),tensor(0.2736),tensor(0.2329),tensor(0.2123),tensor(-0.1282),tensor(-0.1236),tensor(0.0611),tensor(0.1143),tensor(0.2322),tensor(0.2381),tensor(0.2340),tensor(-0.2453),tensor(0.2149),tensor(0.3383),tensor(0.2403),tensor(-0.2559),tensor(-0.1367),tensor(-0.1889),tensor(0.2353),tensor(0.1817),tensor(0.1993),tensor(-0.0033),tensor(-0.3303),tensor(0.1084),tensor(0.2068),tensor(-0.2296),tensor(-0.2830),tensor(-0.2117),tensor(0.2137),tensor(-0.0904),tensor(0.1184),tensor(-0.0739),tensor(-0.2744),tensor(0.3258),tensor(0.1845),tensor(0.2375),tensor(-0.0711),tensor(0.1662),tensor(-0.0979),tensor(0.2647),tensor(-0.1427),tensor(-0.2527),tensor(-0.2021),tensor(0.1586),tensor(0.2315),tensor(-0.1663),tensor(0.0953),tensor(-0.1047),tensor(-0.1046),tensor(-0.1565),tensor(-0.2541),tensor(-0.2571),tensor(-0.2170),tensor(0.2033),tensor(0.0499),tensor(-0.0537),tensor(0.3617),tensor(-0.2104),tensor(0.1237),tensor(-0.1971),tensor(0.2475),tensor(0.1727),tensor(0.1580),tensor(0.1883),tensor(0.2775),tensor(0.1310),tensor(0.3656),tensor(0.2002),tensor(-0.2606),tensor(0.2327),tensor(-0.2080),tensor(0.2370),tensor(0.1944),tensor(-0.2663),tensor(0.2605)
4070826770,tensor(0.4343),tensor(-0.6528),tensor(0.0126),tensor(-0.6421),tensor(-0.6558),tensor(-0.6896),tensor(-0.5764),tensor(-0.7395),tensor(0.6085),tensor(-0.5254),tensor(0.4084),tensor(0.7824),tensor(0.3862),tensor(0.7003),tensor(0.5205),tensor(0.3815),tensor(-0.9635),tensor(-0.9613),tensor(-0.6809),tensor(0.8117),tensor(0.2262),tensor(0.0182),tensor(-0.4396),tensor(0.3824),tensor(0.8059),tensor(-0.6434),tensor(-0.7043),tensor(0.9767),tensor(-0.2808),tensor(0.4723),tensor(0.6880),tensor(0.6970),tensor(-0.6449),tensor(-0.6115),tensor(0.5899),tensor(0.5602),tensor(-0.4940),tensor(-0.4208),tensor(0.2696),tensor(0.6162),tensor(-0.4577),tensor(-0.7077),tensor(0.8060),tensor(0.8538),tensor(-0.7348),tensor(-0.5594),tensor(0.5779),tensor(0.9756),tensor(-0.2422),tensor(-0.6676),tensor(-0.1962),tensor(-0.9248),tensor(-0.6301),tensor(-0.6692),tensor(0.7479),tensor(0.4663),tensor(-0.8163),tensor(-0.5917),tensor(-0.0983),tensor(-0.7013),tensor(-0.7614),tensor(-0.7150),tensor(-0.4382),tensor(0.5187),tensor(0.7443),tensor(0.4346),tensor(-0.8881),tensor(-0.9763),tensor(0.8162),tensor(0.9649),tensor(0.9618),tensor(-0.7719),tensor(-0.2905),tensor(-0.5511),tensor(0.9502),tensor(-0.3206),tensor(-0.6577),tensor(-0.7977),tensor(-0.6766),tensor(0.9283),tensor(0.9666),tensor(-0.9802),tensor(-0.6181),tensor(-0.5612),tensor(-0.8629),tensor(-0.7786),tensor(0.5332),tensor(-0.7613),tensor(-0.2056),tensor(-0.2201),tensor(0.6764),tensor(0.8350),tensor(0.6688),tensor(-0.7559),tensor(-0.4192),tensor(-0.5977),tensor(0.5767),tensor(0.5665),tensor(-0.8154),tensor(-0.5714),tensor(0.6544),tensor(0.6687),tensor(0.7086),tensor(-0.7221),tensor(0.9870),tensor(-0.5667),tensor(0.9458),tensor(0.7428),tensor(-0.6224),tensor(-0.8324),tensor(-0.7748),tensor(0.9710),tensor(-0.7700),tensor(0.9710),tensor(-0.6878),tensor(0.1512),tensor(0.6035),tensor(0.7384),tensor(-0.7088),tensor(-0.7991),tensor(0.7704),tensor(-0.9631),tensor(0.0308),tensor(0.9776),tensor(0.4737),tensor(0.5445),tensor(0.2143),tensor(0.5326),tensor(-0.5717),tensor(-0.5507),tensor(0.9729),tensor(-0.2412),tensor(-0.0123),tensor(-0.1778),tensor(0.5640),tensor(-0.6455),tensor(-0.4448),tensor(-0.6789),tensor(-0.1106),tensor(-0.1507),tensor(-0.9464),tensor(-0.6548),tensor(-0.6836),tensor(0.7003),tensor(-0.5775),tensor(0.4605),tensor(-0.6078),tensor(-0.4430),tensor(0.6573),tensor(-0.6048)
4070903120,tensor(-0.2498),tensor(0.2235),tensor(-0.1422),tensor(0.1493),tensor(0.2319),tensor(0.1956),tensor(0.3454),tensor(0.2271),tensor(-0.1692),tensor(0.1664),tensor(0.0399),tensor(-0.2031),tensor(-0.2020),tensor(-0.2147),tensor(-0.2486),tensor(-0.2724),tensor(0.1527),tensor(0.1318),tensor(0.1800),tensor(-0.1936),tensor(-0.3217),tensor(0.1187),tensor(0.2168),tensor(0.0358),tensor(-0.2394),tensor(0.2850),tensor(0.1065),tensor(-0.0529),tensor(0.1060),tensor(-0.1531),tensor(-0.2564),tensor(-0.2145),tensor(0.2038),tensor(0.1055),tensor(-0.2238),tensor(-0.1926),tensor(0.1943),tensor(0.2523),tensor(-0.2107),tensor(-0.2759),tensor(0.3768),tensor(0.1891),tensor(-0.1868),tensor(-0.1353),tensor(0.2316),tensor(0.1972),tensor(-0.2633),tensor(-0.1291),tensor(0.1462),tensor(0.2583),tensor(0.2787),tensor(0.1165),tensor(0.1950),tensor(0.1795),tensor(-0.2229),tensor(-0.1634),tensor(0.1624),tensor(0.2346),tensor(-0.1436),tensor(0.1810),tensor(0.2497),tensor(0.1829),tensor(0.2206),tensor(0.0075),tensor(-0.2514),tensor(-0.1210),tensor(0.1287),tensor(0.0918),tensor(-0.1743),tensor(-0.0900),tensor(-0.1176),tensor(0.1976),tensor(0.2348),tensor(0.2536),tensor(-0.1199),tensor(0.1861),tensor(0.2547),tensor(0.2232),tensor(0.1934),tensor(-0.1306),tensor(-0.1316),tensor(0.0716),tensor(0.1105),tensor(0.2114),tensor(0.2313),tensor(0.2109),tensor(-0.2205),tensor(0.2090),tensor(0.3038),tensor(0.2063),tensor(-0.2382),tensor(-0.1314),tensor(-0.1812),tensor(0.2227),tensor(0.1631),tensor(0.1820),tensor(0.0084),tensor(-0.2978),tensor(0.1033),tensor(0.1797),tensor(-0.2039),tensor(-0.2477),tensor(-0.2075),tensor(0.1873),tensor(-0.0909),tensor(0.1164),tensor(-0.0728),tensor(-0.2432),tensor(0.2833),tensor(0.1737),tensor(0.2268),tensor(-0.0753),tensor(0.1447),tensor(-0.1071),tensor(0.2609),tensor(-0.1255),tensor(-0.2390),tensor(-0.1933),tensor(0.1406),tensor(0.2131),tensor(-0.1444),tensor(0.1100),tensor(-0.0826),tensor(-0.1182),tensor(-0.1309),tensor(-0.2396),tensor(-0.2271),tensor(-0.1954),tensor(0.1918),tensor(0.0444),tensor(-0.0854),tensor(0.3405),tensor(-0.1803),tensor(0.1161),tensor(-0.1784),tensor(0.2278),tensor(0.1527),tensor(0.1384),tensor(0.1647),tensor(0.2551),tensor(0.1321),tensor(0.3331),tensor(0.1868),tensor(-0.2365),tensor(0.2170),tensor(-0.1802),tensor(0.2178),tensor(0.1566),tensor(-0.2345),tensor(0.2401)
4070844220,tensor(-0.2205),tensor(0.1255),tensor(-0.1382),tensor(0.0478),tensor(0.1664),tensor(0.0524),tensor(0.3090),tensor(0.1281),tensor(-0.0761),tensor(0.0880),tensor(0.1010),tensor(-0.0725),tensor(-0.1594),tensor(-0.0974),tensor(-0.1734),tensor(-0.2666),tensor(-0.2405),tensor(-0.2144),tensor(0.0841),tensor(-0.0112),tensor(-0.3110),tensor(0.1378),tensor(0.1750),tensor(0.1342),tensor(-0.0518),tensor(0.2230),tensor(0.0006),tensor(0.3478),tensor(0.0761),tensor(-0.0989),tensor(-0.1554),tensor(-0.0963),tensor(0.1521),tensor(0.0352),tensor(-0.1632),tensor(-0.1323),tensor(0.1856),tensor(0.2486),tensor(-0.1850),tensor(-0.1828),tensor(0.3484),tensor(0.0848),tensor(0.0062),tensor(0.0739),tensor(0.0945),tensor(0.1237),tensor(-0.2075),tensor(0.3053),tensor(0.1360),tensor(0.1640),tensor(0.3008),tensor(-0.2130),tensor(0.1288),tensor(0.1055),tensor(-0.0725),tensor(-0.1209),tensor(-0.0178),tensor(0.1917),tensor(-0.1725),tensor(0.0587),tensor(0.0833),tensor(0.0799),tensor(0.1411),tensor(0.1218),tensor(-0.1496),tensor(-0.0474),tensor(-0.0793),tensor(-0.3223),tensor(0.0098),tensor(0.2966),tensor(0.2682),tensor(0.0513),tensor(0.2115),tensor(0.2232),tensor(0.2577),tensor(0.1589),tensor(0.1384),tensor(0.0393),tensor(0.1119),tensor(0.1482),tensor(0.2602),tensor(-0.3324),tensor(-0.0729),tensor(0.1592),tensor(0.0210),tensor(0.0971),tensor(-0.1794),tensor(0.0531),tensor(0.3045),tensor(0.2158),tensor(-0.1441),tensor(0.0615),tensor(-0.0775),tensor(0.0825),tensor(0.1073),tensor(0.1126),tensor(0.0878),tensor(-0.2475),tensor(-0.1319),tensor(0.1269),tensor(-0.1344),tensor(-0.1793),tensor(-0.0800),tensor(0.1005),tensor(0.3349),tensor(0.0122),tensor(0.2692),tensor(-0.1576),tensor(0.2392),tensor(0.0051),tensor(0.0663),tensor(0.2990),tensor(0.0186),tensor(0.2810),tensor(0.1243),tensor(-0.1262),tensor(-0.1430),tensor(-0.0557),tensor(0.0438),tensor(0.0766),tensor(-0.0260),tensor(-0.2633),tensor(-0.1000),tensor(0.2936),tensor(-0.1172),tensor(-0.1496),tensor(-0.2501),tensor(-0.1546),tensor(0.1047),tensor(-0.0729),tensor(0.3567),tensor(0.3101),tensor(-0.2055),tensor(0.0803),tensor(-0.1068),tensor(0.1383),tensor(0.1214),tensor(0.0580),tensor(0.1608),tensor(0.2553),tensor(-0.2334),tensor(0.2551),tensor(0.0744),tensor(-0.1462),tensor(0.1414),tensor(-0.1360),tensor(0.1232),tensor(0.1574),tensor(-0.1639),tensor(0.1444)
4070865260,tensor(-0.2884),tensor(0.2430),tensor(-0.1587),tensor(0.1547),tensor(0.2561),tensor(0.1992),tensor(0.3860),tensor(0.2461),tensor(-0.1798),tensor(0.1785),tensor(0.0490),tensor(-0.2270),tensor(-0.2184),tensor(-0.2257),tensor(-0.2659),tensor(-0.3075),tensor(0.1092),tensor(0.1027),tensor(0.1903),tensor(-0.1857),tensor(-0.3572),tensor(0.1349),tensor(0.2412),tensor(0.0734),tensor(-0.2220),tensor(0.3200),tensor(0.1165),tensor(-0.0095),tensor(0.1102),tensor(-0.1685),tensor(-0.2712),tensor(-0.2214),tensor(0.2426),tensor(0.1325),tensor(-0.2503),tensor(-0.2213),tensor(0.2331),tensor(0.2953),tensor(-0.2316),tensor(-0.2955),tensor(0.4166),tensor(0.2049),tensor(-0.1656),tensor(-0.1345),tensor(0.2380),tensor(0.2158),tensor(-0.3021),tensor(-0.0860),tensor(0.1662),tensor(0.2772),tensor(0.3339),tensor(0.0836),tensor(0.2218),tensor(0.2048),tensor(-0.2273),tensor(-0.1845),tensor(0.1615),tensor(0.2775),tensor(-0.1562),tensor(0.1814),tensor(0.2451),tensor(0.2004),tensor(0.2216),tensor(0.0239),tensor(-0.2781),tensor(-0.1133),tensor(0.1205),tensor(0.0554),tensor(-0.1553),tensor(-0.0422),tensor(-0.0726),tensor(0.2067),tensor(0.2617),tensor(0.2900),tensor(-0.0769),tensor(0.2029),tensor(0.2675),tensor(0.2181),tensor(0.2089),tensor(-0.1081),tensor(-0.0900),tensor(0.0275),tensor(0.0983),tensor(0.2354),tensor(0.2256),tensor(0.2302),tensor(-0.2489),tensor(0.2046),tensor(0.3431),tensor(0.2463),tensor(-0.2513),tensor(-0.1258),tensor(-0.1848),tensor(0.2284),tensor(0.1796),tensor(0.1968),tensor(-0.0021),tensor(-0.3274),tensor(0.0914),tensor(0.2060),tensor(-0.2292),tensor(-0.2835),tensor(-0.2021),tensor(0.2112),tensor(-0.0580),tensor(0.1132),tensor(-0.0499),tensor(-0.2709),tensor(0.3285),tensor(0.1771),tensor(0.2270),tensor(-0.0411),tensor(0.1614),tensor(-0.0683),tensor(0.2509),tensor(-0.1458),tensor(-0.2487),tensor(-0.1932),tensor(0.1578),tensor(0.2241),tensor(-0.1648),tensor(0.0680),tensor(-0.1074),tensor(-0.0712),tensor(-0.1621),tensor(-0.2500),tensor(-0.2632),tensor(-0.2211),tensor(0.1983),tensor(0.0456),tensor(-0.0189),tensor(0.3618),tensor(-0.2142),tensor(0.1247),tensor(-0.1946),tensor(0.2452),tensor(0.1739),tensor(0.1564),tensor(0.1910),tensor(0.2810),tensor(0.1001),tensor(0.3629),tensor(0.1952),tensor(-0.2582),tensor(0.2329),tensor(-0.2111),tensor(0.2332),tensor(0.1999),tensor(-0.2668),tensor(0.2547)
4070842630,tensor(-0.2630),tensor(0.2241),tensor(-0.1247),tensor(0.1296),tensor(0.2214),tensor(0.1720),tensor(0.3479),tensor(0.2135),tensor(-0.1616),tensor(0.1700),tensor(0.0183),tensor(-0.1825),tensor(-0.1785),tensor(-0.1789),tensor(-0.2116),tensor(-0.2681),tensor(0.0700),tensor(0.1292),tensor(0.1695),tensor(-0.1680),tensor(-0.2953),tensor(0.1023),tensor(0.2218),tensor(0.0424),tensor(-0.1695),tensor(0.2866),tensor(0.1326),tensor(-0.0338),tensor(0.1015),tensor(-0.1678),tensor(-0.2237),tensor(-0.2049),tensor(0.2209),tensor(0.1273),tensor(-0.2133),tensor(-0.2023),tensor(0.2262),tensor(0.2484),tensor(-0.1884),tensor(-0.2361),tensor(0.3562),tensor(0.1965),tensor(-0.1475),tensor(-0.1300),tensor(0.2065),tensor(0.2091),tensor(-0.2737),tensor(-0.1041),tensor(0.1399),tensor(0.2396),tensor(0.2974),tensor(0.0729),tensor(0.1821),tensor(0.2030),tensor(-0.1975),tensor(-0.1575),tensor(0.1366),tensor(0.2592),tensor(-0.1200),tensor(0.1461),tensor(0.2111),tensor(0.1718),tensor(0.1525),tensor(0.0108),tensor(-0.2335),tensor(-0.0962),tensor(0.0912),tensor(0.0889),tensor(-0.1264),tensor(-0.0440),tensor(-0.0953),tensor(0.1884),tensor(0.2150),tensor(0.2623),tensor(-0.0719),tensor(0.1654),tensor(0.2338),tensor(0.1713),tensor(0.1798),tensor(-0.0913),tensor(-0.0905),tensor(0.0438),tensor(0.0984),tensor(0.2161),tensor(0.1850),tensor(0.2081),tensor(-0.2283),tensor(0.1848),tensor(0.3224),tensor(0.2321),tensor(-0.2131),tensor(-0.1138),tensor(-0.1709),tensor(0.1887),tensor(0.1627),tensor(0.1793),tensor(-0.0395),tensor(-0.2750),tensor(0.0952),tensor(0.1661),tensor(-0.2279),tensor(-0.2604),tensor(-0.1625),tensor(0.2003),tensor(-0.1012),tensor(0.1058),tensor(-0.0817),tensor(-0.2646),tensor(0.2905),tensor(0.1770),tensor(0.1977),tensor(-0.0704),tensor(0.1645),tensor(-0.0929),tensor(0.2024),tensor(-0.1225),tensor(-0.2180),tensor(-0.1496),tensor(0.1453),tensor(0.2068),tensor(-0.1514),tensor(0.0804),tensor(-0.0760),tensor(-0.0650),tensor(-0.1746),tensor(-0.2236),tensor(-0.2360),tensor(-0.1972),tensor(0.1674),tensor(0.0738),tensor(-0.0403),tensor(0.3131),tensor(-0.1697),tensor(0.1108),tensor(-0.1631),tensor(0.2050),tensor(0.1658),tensor(0.1551),tensor(0.1524),tensor(0.2369),tensor(0.0908),tensor(0.3283),tensor(0.1908),tensor(-0.2376),tensor(0.2055),tensor(-0.1943),tensor(0.2060),tensor(0.1893),tensor(-0.2545),tensor(0.2171)
4070818150,tensor(0.3383),tensor(-0.5807),tensor(-0.0313),tensor(-0.5421),tensor(-0.5259),tensor(-0.6232),tensor(-0.4272),tensor(-0.6323),tensor(0.5102),tensor(-0.4733),tensor(0.4229),tensor(0.6977),tensor(0.2716),tensor(0.6132),tensor(0.4041),tensor(0.2037),tensor(-0.9593),tensor(-0.9566),tensor(-0.5952),tensor(0.7621),tensor(0.0901),tensor(0.0878),tensor(-0.3414),tensor(0.4142),tensor(0.7311),tensor(-0.5213),tensor(-0.6510),tensor(0.9759),tensor(-0.1994),tensor(0.3901),tensor(0.5754),tensor(0.6235),tensor(-0.5368),tensor(-0.5374),tensor(0.4784),tensor(0.4678),tensor(-0.3633),tensor(-0.2830),tensor(0.1735),tensor(0.5112),tensor(-0.2960),tensor(-0.6313),tensor(0.7594),tensor(0.8244),tensor(-0.6500),tensor(-0.4797),tensor(0.4660),tensor(0.9760),tensor(-0.1585),tensor(-0.5564),tensor(-0.0863),tensor(-0.9248),tensor(-0.5155),tensor(-0.5749),tensor(0.6811),tensor(0.3512),tensor(-0.7613),tensor(-0.4902),tensor(-0.1689),tensor(-0.6081),tensor(-0.6967),tensor(-0.6278),tensor(-0.3019),tensor(0.5211),tensor(0.6420),tensor(0.3533),tensor(-0.8381),tensor(-0.9769),tensor(0.7495),tensor(0.9634),tensor(0.9627),tensor(-0.7086),tensor(-0.1897),tensor(-0.4115),tensor(0.9516),tensor(-0.1960),tensor(-0.5774),tensor(-0.7349),tensor(-0.5514),tensor(0.9058),tensor(0.9629),tensor(-0.9781),tensor(-0.6571),tensor(-0.4324),tensor(-0.8093),tensor(-0.6979),tensor(0.4245),tensor(-0.6830),tensor(-0.1218),tensor(-0.1383),tensor(0.5709),tensor(0.7925),tensor(0.5791),tensor(-0.6765),tensor(-0.3539),tensor(-0.4882),tensor(0.5672),tensor(0.4276),tensor(-0.8285),tensor(-0.4476),tensor(0.5616),tensor(0.5603),tensor(0.6143),tensor(-0.6213),tensor(0.9857),tensor(-0.5049),tensor(0.9482),tensor(0.6460),tensor(-0.5023),tensor(-0.7787),tensor(-0.7101),tensor(0.9691),tensor(-0.7148),tensor(0.9695),tensor(-0.5895),tensor(0.0711),tensor(0.5108),tensor(0.6411),tensor(-0.6264),tensor(-0.7316),tensor(0.6946),tensor(-0.9608),tensor(-0.0319),tensor(0.9747),tensor(0.3680),tensor(0.4623),tensor(0.0625),tensor(0.4028),tensor(-0.4860),tensor(-0.5880),tensor(0.9745),tensor(-0.1371),tensor(-0.0977),tensor(-0.1464),tensor(0.4716),tensor(-0.5406),tensor(-0.3413),tensor(-0.5912),tensor(-0.0240),tensor(-0.0541),tensor(-0.9452),tensor(-0.5428),tensor(-0.6105),tensor(0.6078),tensor(-0.4763),tensor(0.3829),tensor(-0.5178),tensor(-0.3393),tensor(0.5721),tensor(-0.5097)
4070805100,tensor(-0.1056),tensor(0.0213),tensor(-0.1125),tensor(-0.0156),tensor(0.0602),tensor(-0.0258),tensor(0.1837),tensor(0.0207),tensor(-0.0024),tensor(-0.0007),tensor(0.1251),tensor(0.0428),tensor(-0.0973),tensor(-0.0169),tensor(-0.1040),tensor(-0.1681),tensor(-0.3353),tensor(-0.3395),tensor(-0.0104),tensor(0.0794),tensor(-0.2326),tensor(0.1202),tensor(0.0933),tensor(0.1227),tensor(0.0051),tensor(0.1066),tensor(-0.1018),tensor(0.4613),tensor(0.0423),tensor(-0.0254),tensor(-0.0664),tensor(-0.0015),tensor(0.0174),tensor(-0.0605),tensor(-0.0580),tensor(-0.0245),tensor(0.0655),tensor(0.1368),tensor(-0.1132),tensor(-0.0998),tensor(0.2330),tensor(-0.0395),tensor(0.0679),tensor(0.1832),tensor(0.0143),tensor(0.0235),tensor(-0.0769),tensor(0.4202),tensor(0.0837),tensor(0.0676),tensor(0.1818),tensor(-0.3121),tensor(0.0319),tensor(-0.0111),tensor(0.0283),tensor(-0.0467),tensor(-0.1028),tensor(0.0640),tensor(-0.1568),tensor(-0.0087),tensor(0.0091),tensor(-0.0250),tensor(0.1192),tensor(0.1291),tensor(-0.0267),tensor(-0.0208),tensor(-0.1669),tensor(-0.4577),tensor(0.0749),tensor(0.3972),tensor(0.3860),tensor(-0.0568),tensor(0.1396),tensor(0.1067),tensor(0.3499),tensor(0.1154),tensor(0.0420),tensor(-0.0322),tensor(0.0309),tensor(0.2450),tensor(0.3648),tensor(-0.4529),tensor(-0.1310),tensor(0.0656),tensor(-0.0802),tensor(-0.0211),tensor(-0.0754),tensor(-0.0245),tensor(0.1937),tensor(0.1086),tensor(-0.0505),tensor(0.1510),tensor(0.0058),tensor(-0.0081),tensor(0.0286),tensor(0.0363),tensor(0.1587),tensor(-0.1474),tensor(-0.2379),tensor(0.0374),tensor(-0.0193),tensor(-0.0482),tensor(-0.0057),tensor(-0.0116),tensor(0.4819),tensor(-0.0366),tensor(0.3778),tensor(-0.0233),tensor(0.0941),tensor(-0.1000),tensor(-0.0269),tensor(0.4228),tensor(-0.0943),tensor(0.4016),tensor(0.0700),tensor(-0.0796),tensor(-0.0479),tensor(0.0050),tensor(-0.0740),tensor(-0.0374),tensor(0.0889),tensor(-0.3757),tensor(-0.0665),tensor(0.4042),tensor(-0.0165),tensor(-0.0685),tensor(-0.1706),tensor(-0.0637),tensor(0.0426),tensor(-0.1620),tensor(0.4384),tensor(0.2217),tensor(-0.1612),tensor(0.0429),tensor(-0.0208),tensor(0.0475),tensor(0.0429),tensor(-0.0516),tensor(0.1102),tensor(0.1793),tensor(-0.3296),tensor(0.1349),tensor(-0.0193),tensor(-0.0251),tensor(0.0547),tensor(-0.0342),tensor(0.0370),tensor(0.0475),tensor(-0.0408),tensor(0.0563)
4070915780,tensor(-0.2999),tensor(0.2623),tensor(-0.1631),tensor(0.1728),tensor(0.2654),tensor(0.2255),tensor(0.3956),tensor(0.2618),tensor(-0.1963),tensor(0.1951),tensor(0.0414),tensor(-0.2508),tensor(-0.2244),tensor(-0.2426),tensor(-0.2788),tensor(-0.3111),tensor(0.1709),tensor(0.1609),tensor(0.2023),tensor(-0.2137),tensor(-0.3630),tensor(0.1335),tensor(0.2505),tensor(0.0634),tensor(-0.2458),tensor(0.3330),tensor(0.1371),tensor(-0.0816),tensor(0.1135),tensor(-0.1805),tensor(-0.2865),tensor(-0.2432),tensor(0.2546),tensor(0.1490),tensor(-0.2604),tensor(-0.2364),tensor(0.2368),tensor(0.2988),tensor(-0.2383),tensor(-0.3111),tensor(0.4232),tensor(0.2255),tensor(-0.1920),tensor(-0.1726),tensor(0.2616),tensor(0.2306),tensor(-0.3169),tensor(-0.1648),tensor(0.1677),tensor(0.2935),tensor(0.3405),tensor(0.1405),tensor(0.2334),tensor(0.2198),tensor(-0.2530),tensor(-0.1910),tensor(0.1894),tensor(0.2896),tensor(-0.1493),tensor(0.1991),tensor(0.2704),tensor(0.2164),tensor(0.2309),tensor(0.0067),tensor(-0.2964),tensor(-0.1230),tensor(0.1500),tensor(0.1341),tensor(-0.1786),tensor(-0.1068),tensor(-0.1400),tensor(0.2332),tensor(0.2679),tensor(0.2965),tensor(-0.1424),tensor(0.2058),tensor(0.2894),tensor(0.2451),tensor(0.2174),tensor(-0.1510),tensor(-0.1578),tensor(0.0950),tensor(0.1333),tensor(0.2460),tensor(0.2578),tensor(0.2491),tensor(-0.2584),tensor(0.2286),tensor(0.3529),tensor(0.2523),tensor(-0.2650),tensor(-0.1589),tensor(-0.2002),tensor(0.2505),tensor(0.1921),tensor(0.2063),tensor(-0.0177),tensor(-0.3344),tensor(0.1380),tensor(0.2133),tensor(-0.2428),tensor(-0.3004),tensor(-0.2185),tensor(0.2245),tensor(-0.1318),tensor(0.1298),tensor(-0.1155),tensor(-0.2885),tensor(0.3397),tensor(0.2053),tensor(0.2524),tensor(-0.1085),tensor(0.1824),tensor(-0.1373),tensor(0.2674),tensor(-0.1484),tensor(-0.2655),tensor(-0.2116),tensor(0.1722),tensor(0.2441),tensor(-0.1856),tensor(0.1319),tensor(-0.1072),tensor(-0.1398),tensor(-0.1693),tensor(-0.2650),tensor(-0.2618),tensor(-0.2298),tensor(0.2101),tensor(0.0708),tensor(-0.0943),tensor(0.3704),tensor(-0.2162),tensor(0.1358),tensor(-0.2047),tensor(0.2601),tensor(0.1798),tensor(0.1700),tensor(0.1977),tensor(0.2825),tensor(0.1646),tensor(0.3782),tensor(0.2147),tensor(-0.2725),tensor(0.2461),tensor(-0.2248),tensor(0.2516),tensor(0.2039),tensor(-0.2833),tensor(0.2707)
4070830780,tensor(-0.0011),tensor(-0.1413),tensor(-0.0827),tensor(-0.1913),tensor(-0.1416),tensor(-0.1931),tensor(-0.0109),tensor(-0.2044),tensor(0.1528),tensor(-0.1028),tensor(0.1821),tensor(0.2612),tensor(0.0313),tensor(0.1979),tensor(0.0706),tensor(-0.0309),tensor(-0.5936),tensor(-0.5666),tensor(-0.1898),tensor(0.2948),tensor(-0.1141),tensor(0.0757),tensor(-0.0263),tensor(0.1802),tensor(0.2833),tensor(-0.0919),tensor(-0.2369),tensor(0.6637),tensor(-0.0367),tensor(0.0799),tensor(0.1571),tensor(0.1760),tensor(-0.1396),tensor(-0.1814),tensor(0.1128),tensor(0.1011),tensor(-0.0572),tensor(-0.0016),tensor(-0.0257),tensor(0.1070),tensor(0.0585),tensor(-0.1962),tensor(0.2993),tensor(0.3668),tensor(-0.2044),tensor(-0.0951),tensor(0.0639),tensor(0.6344),tensor(-0.0014),tensor(-0.1361),tensor(0.1195),tensor(-0.4999),tensor(-0.1509),tensor(-0.1683),tensor(0.2206),tensor(0.0835),tensor(-0.3179),tensor(-0.0823),tensor(-0.1227),tensor(-0.2189),tensor(-0.2246),tensor(-0.2123),tensor(-0.0655),tensor(0.2300),tensor(0.1985),tensor(0.1042),tensor(-0.4289),tensor(-0.6403),tensor(0.3195),tensor(0.6108),tensor(0.5833),tensor(-0.2486),tensor(0.0298),tensor(-0.0562),tensor(0.5573),tensor(-0.0129),tensor(-0.1337),tensor(-0.2756),tensor(-0.1831),tensor(0.4955),tensor(0.5993),tensor(-0.6747),tensor(-0.2238),tensor(-0.0900),tensor(-0.3405),tensor(-0.2442),tensor(0.0700),tensor(-0.2399),tensor(0.1363),tensor(0.0681),tensor(0.1609),tensor(0.3514),tensor(0.1851),tensor(-0.2288),tensor(-0.0521),tensor(-0.1333),tensor(0.2390),tensor(0.0544),tensor(-0.3539),tensor(-0.1296),tensor(0.1426),tensor(0.1267),tensor(0.2108),tensor(-0.2062),tensor(0.7018),tensor(-0.1631),tensor(0.5464),tensor(0.1804),tensor(-0.0800),tensor(-0.3155),tensor(-0.2436),tensor(0.6240),tensor(-0.2675),tensor(0.6145),tensor(-0.1697),tensor(-0.0272),tensor(0.1116),tensor(0.2399),tensor(-0.2293),tensor(-0.2633),tensor(0.2716),tensor(-0.5908),tensor(-0.0404),tensor(0.6521),tensor(0.0795),tensor(0.0789),tensor(-0.0759),tensor(0.0830),tensor(-0.1219),tensor(-0.1989),tensor(0.6434),tensor(0.1224),tensor(-0.1133),tensor(0.0094),tensor(0.1263),tensor(-0.1461),tensor(-0.0740),tensor(-0.2040),tensor(0.0612),tensor(0.1050),tensor(-0.5447),tensor(-0.0706),tensor(-0.1798),tensor(0.1635),tensor(-0.1036),tensor(0.0594),tensor(-0.1221),tensor(-0.0525),tensor(0.1246),tensor(-0.1099)
4070855110,tensor(-0.2886),tensor(0.2544),tensor(-0.1561),tensor(0.1689),tensor(0.2578),tensor(0.2221),tensor(0.3814),tensor(0.2544),tensor(-0.1933),tensor(0.1916),tensor(0.0372),tensor(-0.2426),tensor(-0.2177),tensor(-0.2348),tensor(-0.2687),tensor(-0.3005),tensor(0.1781),tensor(0.1688),tensor(0.1974),tensor(-0.2133),tensor(-0.3483),tensor(0.1252),tensor(0.2413),tensor(0.0520),tensor(-0.2447),tensor(0.3219),tensor(0.1355),tensor(-0.0920),tensor(0.1115),tensor(-0.1771),tensor(-0.2783),tensor(-0.2397),tensor(0.2446),tensor(0.1426),tensor(-0.2516),tensor(-0.2282),tensor(0.2285),tensor(0.2838),tensor(-0.2307),tensor(-0.2997),tensor(0.4079),tensor(0.2215),tensor(-0.1953),tensor(-0.1726),tensor(0.2558),tensor(0.2253),tensor(-0.3058),tensor(-0.1751),tensor(0.1602),tensor(0.2861),tensor(0.3235),tensor(0.1444),tensor(0.2243),tensor(0.2141),tensor(-0.2497),tensor(-0.1852),tensor(0.1875),tensor(0.2766),tensor(-0.1424),tensor(0.1946),tensor(0.2668),tensor(0.2105),tensor(0.2253),tensor(0.0020),tensor(-0.2859),tensor(-0.1227),tensor(0.1508),tensor(0.1453),tensor(-0.1820),tensor(-0.1168),tensor(-0.1507),tensor(0.2307),tensor(0.2554),tensor(0.2849),tensor(-0.1503),tensor(0.1978),tensor(0.2830),tensor(0.2426),tensor(0.2124),tensor(-0.1563),tensor(-0.1666),tensor(0.1065),tensor(0.1346),tensor(0.2389),tensor(0.2575),tensor(0.2424),tensor(-0.2493),tensor(0.2276),tensor(0.3420),tensor(0.2410),tensor(-0.2567),tensor(-0.1586),tensor(-0.1981),tensor(0.2464),tensor(0.1872),tensor(0.2017),tensor(-0.0178),tensor(-0.3233),tensor(0.1395),tensor(0.2041),tensor(-0.2353),tensor(-0.2917),tensor(-0.2182),tensor(0.2179),tensor(-0.1416),tensor(0.1310),tensor(-0.1213),tensor(-0.2803),tensor(0.3258),tensor(0.2043),tensor(0.2496),tensor(-0.1171),tensor(0.1777),tensor(-0.1473),tensor(0.2654),tensor(-0.1417),tensor(-0.2606),tensor(-0.2082),tensor(0.1686),tensor(0.2402),tensor(-0.1803),tensor(0.1417),tensor(-0.0992),tensor(-0.1495),tensor(-0.1627),tensor(-0.2590),tensor(-0.2497),tensor(-0.2218),tensor(0.2052),tensor(0.0735),tensor(-0.1107),tensor(0.3592),tensor(-0.2027),tensor(0.1319),tensor(-0.1983),tensor(0.2527),tensor(0.1735),tensor(0.1663),tensor(0.1885),tensor(0.2720),tensor(0.1686),tensor(0.3665),tensor(0.2127),tensor(-0.2645),tensor(0.2390),tensor(-0.2153),tensor(0.2465),tensor(0.1917),tensor(-0.2725),tensor(0.2659)
4070895600,tensor(-0.2958),tensor(0.2521),tensor(-0.1617),tensor(0.1622),tensor(0.2593),tensor(0.2104),tensor(0.3920),tensor(0.2529),tensor(-0.1869),tensor(0.1879),tensor(0.0462),tensor(-0.2362),tensor(-0.2191),tensor(-0.2298),tensor(-0.2693),tensor(-0.3108),tensor(0.1280),tensor(0.1258),tensor(0.1932),tensor(-0.1956),tensor(-0.3602),tensor(0.1340),tensor(0.2471),tensor(0.0730),tensor(-0.2265),tensor(0.3265),tensor(0.1271),tensor(-0.0382),tensor(0.1106),tensor(-0.1748),tensor(-0.2763),tensor(-0.2313),tensor(0.2488),tensor(0.1432),tensor(-0.2546),tensor(-0.2304),tensor(0.2381),tensor(0.2985),tensor(-0.2330),tensor(-0.3012),tensor(0.4181),tensor(0.2156),tensor(-0.1731),tensor(-0.1523),tensor(0.2486),tensor(0.2225),tensor(-0.3112),tensor(-0.1192),tensor(0.1665),tensor(0.2833),tensor(0.3419),tensor(0.1054),tensor(0.2287),tensor(0.2127),tensor(-0.2374),tensor(-0.1877),tensor(0.1701),tensor(0.2864),tensor(-0.1518),tensor(0.1857),tensor(0.2523),tensor(0.2064),tensor(0.2209),tensor(0.0180),tensor(-0.2860),tensor(-0.1155),tensor(0.1285),tensor(0.0906),tensor(-0.1606),tensor(-0.0647),tensor(-0.0982),tensor(0.2183),tensor(0.2645),tensor(0.2942),tensor(-0.1010),tensor(0.2029),tensor(0.2768),tensor(0.2256),tensor(0.2090),tensor(-0.1219),tensor(-0.1149),tensor(0.0515),tensor(0.1124),tensor(0.2417),tensor(0.2360),tensor(0.2392),tensor(-0.2549),tensor(0.2124),tensor(0.3523),tensor(0.2532),tensor(-0.2545),tensor(-0.1387),tensor(-0.1892),tensor(0.2353),tensor(0.1861),tensor(0.2014),tensor(-0.0119),tensor(-0.3290),tensor(0.1130),tensor(0.2078),tensor(-0.2366),tensor(-0.2923),tensor(-0.2056),tensor(0.2163),tensor(-0.0878),tensor(0.1194),tensor(-0.0806),tensor(-0.2799),tensor(0.3351),tensor(0.1887),tensor(0.2363),tensor(-0.0694),tensor(0.1706),tensor(-0.0969),tensor(0.2535),tensor(-0.1476),tensor(-0.2547),tensor(-0.1965),tensor(0.1642),tensor(0.2312),tensor(-0.1741),tensor(0.0939),tensor(-0.1084),tensor(-0.0972),tensor(-0.1697),tensor(-0.2555),tensor(-0.2638),tensor(-0.2272),tensor(0.2026),tensor(0.0600),tensor(-0.0472),tensor(0.3654),tensor(-0.2164),tensor(0.1306),tensor(-0.1979),tensor(0.2499),tensor(0.1775),tensor(0.1625),tensor(0.1969),tensor(0.2814),tensor(0.1249),tensor(0.3695),tensor(0.2044),tensor(-0.2639),tensor(0.2393),tensor(-0.2209),tensor(0.2411),tensor(0.2057),tensor(-0.2765),tensor(0.2596)
4070897340,tensor(-0.2943),tensor(0.2513),tensor(-0.1633),tensor(0.1621),tensor(0.2590),tensor(0.2112),tensor(0.3914),tensor(0.2526),tensor(-0.1869),tensor(0.1858),tensor(0.0480),tensor(-0.2374),tensor(-0.2203),tensor(-0.2316),tensor(-0.2710),tensor(-0.3110),tensor(0.1300),tensor(0.1230),tensor(0.1928),tensor(-0.1953),tensor(-0.3614),tensor(0.1350),tensor(0.2464),tensor(0.0737),tensor(-0.2282),tensor(0.3260),tensor(0.1245),tensor(-0.0356),tensor(0.1102),tensor(-0.1729),tensor(-0.2773),tensor(-0.2300),tensor(0.2482),tensor(0.1423),tensor(-0.2549),tensor(-0.2293),tensor(0.2364),tensor(0.2988),tensor(-0.2336),tensor(-0.3029),tensor(0.4190),tensor(0.2138),tensor(-0.1726),tensor(-0.1514),tensor(0.2489),tensor(0.2214),tensor(-0.3109),tensor(-0.1165),tensor(0.1667),tensor(0.2839),tensor(0.3410),tensor(0.1055),tensor(0.2297),tensor(0.2102),tensor(-0.2375),tensor(-0.1882),tensor(0.1715),tensor(0.2852),tensor(-0.1534),tensor(0.1861),tensor(0.2530),tensor(0.2063),tensor(0.2247),tensor(0.0184),tensor(-0.2869),tensor(-0.1161),tensor(0.1301),tensor(0.0874),tensor(-0.1612),tensor(-0.0635),tensor(-0.0951),tensor(0.2179),tensor(0.2653),tensor(0.2931),tensor(-0.1009),tensor(0.2043),tensor(0.2765),tensor(0.2277),tensor(0.2099),tensor(-0.1221),tensor(-0.1143),tensor(0.0497),tensor(0.1114),tensor(0.2403),tensor(0.2365),tensor(0.2380),tensor(-0.2531),tensor(0.2130),tensor(0.3499),tensor(0.2513),tensor(-0.2544),tensor(-0.1380),tensor(-0.1880),tensor(0.2355),tensor(0.1861),tensor(0.2017),tensor(-0.0089),tensor(-0.3302),tensor(0.1110),tensor(0.2087),tensor(-0.2349),tensor(-0.2908),tensor(-0.2066),tensor(0.2159),tensor(-0.0843),tensor(0.1195),tensor(-0.0779),tensor(-0.2776),tensor(0.3348),tensor(0.1870),tensor(0.2366),tensor(-0.0667),tensor(0.1699),tensor(-0.0939),tensor(0.2555),tensor(-0.1477),tensor(-0.2543),tensor(-0.1984),tensor(0.1639),tensor(0.2306),tensor(-0.1733),tensor(0.0914),tensor(-0.1093),tensor(-0.0959),tensor(-0.1666),tensor(-0.2555),tensor(-0.2639),tensor(-0.2266),tensor(0.2032),tensor(0.0566),tensor(-0.0450),tensor(0.3651),tensor(-0.2172),tensor(0.1301),tensor(-0.1987),tensor(0.2498),tensor(0.1765),tensor(0.1607),tensor(0.1973),tensor(0.2816),tensor(0.1243),tensor(0.3692),tensor(0.2032),tensor(-0.2630),tensor(0.2391),tensor(-0.2201),tensor(0.2405),tensor(0.2042),tensor(-0.2749),tensor(0.2604)
4070855950,tensor(-0.2576),tensor(0.2262),tensor(-0.1274),tensor(0.1361),tensor(0.2196),tensor(0.1844),tensor(0.3378),tensor(0.2151),tensor(-0.1691),tensor(0.1698),tensor(0.0197),tensor(-0.1912),tensor(-0.1789),tensor(-0.1855),tensor(-0.2171),tensor(-0.2612),tensor(0.1088),tensor(0.1496),tensor(0.1688),tensor(-0.1776),tensor(-0.2949),tensor(0.0991),tensor(0.2182),tensor(0.0352),tensor(-0.1835),tensor(0.2846),tensor(0.1323),tensor(-0.0659),tensor(0.1004),tensor(-0.1684),tensor(-0.2268),tensor(-0.2111),tensor(0.2182),tensor(0.1281),tensor(-0.2109),tensor(-0.2021),tensor(0.2150),tensor(0.2417),tensor(-0.1897),tensor(-0.2394),tensor(0.3502),tensor(0.1970),tensor(-0.1586),tensor(-0.1436),tensor(0.2147),tensor(0.2094),tensor(-0.2728),tensor(-0.1407),tensor(0.1360),tensor(0.2437),tensor(0.2869),tensor(0.1027),tensor(0.1819),tensor(0.2013),tensor(-0.2079),tensor(-0.1571),tensor(0.1513),tensor(0.2508),tensor(-0.1164),tensor(0.1525),tensor(0.2235),tensor(0.1741),tensor(0.1628),tensor(0.0028),tensor(-0.2353),tensor(-0.1022),tensor(0.1074),tensor(0.1233),tensor(-0.1412),tensor(-0.0758),tensor(-0.1250),tensor(0.1972),tensor(0.2116),tensor(0.2558),tensor(-0.1076),tensor(0.1631),tensor(0.2397),tensor(0.1894),tensor(0.1823),tensor(-0.1152),tensor(-0.1275),tensor(0.0735),tensor(0.1120),tensor(0.2143),tensor(0.2032),tensor(0.2070),tensor(-0.2243),tensor(0.1947),tensor(0.3127),tensor(0.2236),tensor(-0.2135),tensor(-0.1272),tensor(-0.1759),tensor(0.1979),tensor(0.1655),tensor(0.1787),tensor(-0.0351),tensor(-0.2727),tensor(0.1146),tensor(0.1663),tensor(-0.2205),tensor(-0.2593),tensor(-0.1718),tensor(0.1976),tensor(-0.1277),tensor(0.1149),tensor(-0.1066),tensor(-0.2595),tensor(0.2865),tensor(0.1835),tensor(0.2085),tensor(-0.0980),tensor(0.1671),tensor(-0.1224),tensor(0.2126),tensor(-0.1208),tensor(-0.2216),tensor(-0.1617),tensor(0.1483),tensor(0.2086),tensor(-0.1562),tensor(0.1107),tensor(-0.0754),tensor(-0.0980),tensor(-0.1641),tensor(-0.2276),tensor(-0.2267),tensor(-0.1945),tensor(0.1701),tensor(0.0760),tensor(-0.0789),tensor(0.3124),tensor(-0.1693),tensor(0.1147),tensor(-0.1636),tensor(0.2097),tensor(0.1607),tensor(0.1519),tensor(0.1536),tensor(0.2315),tensor(0.1232),tensor(0.3276),tensor(0.1929),tensor(-0.2347),tensor(0.2065),tensor(-0.1913),tensor(0.2118),tensor(0.1772),tensor(-0.2508),tensor(0.2223)
4070747320,tensor(0.7908),tensor(-0.9197),tensor(0.1712),tensor(-0.8907),tensor(-0.9118),tensor(-0.9281),tensor(-0.8935),tensor(-0.9486),tensor(0.8758),tensor(-0.8397),tensor(0.5975),tensor(0.9622),tensor(0.7055),tensor(0.9324),tensor(0.8292),tensor(0.7170),tensor(-0.9987),tensor(-0.9987),tensor(-0.9255),tensor(0.9739),tensor(0.5850),tensor(-0.0768),tensor(-0.7782),tensor(0.5562),tensor(0.9706),tensor(-0.9182),tensor(-0.9297),tensor(0.9994),tensor(-0.5411),tensor(0.7813),tensor(0.9309),tensor(0.9380),tensor(-0.9093),tensor(-0.8735),tensor(0.8732),tensor(0.8561),tensor(-0.8058),tensor(-0.7642),tensor(0.5912),tensor(0.9014),tensor(-0.8247),tensor(-0.9381),tensor(0.9724),tensor(0.9826),tensor(-0.9481),tensor(-0.8675),tensor(0.8835),tensor(0.9994),tensor(-0.5129),tensor(-0.9232),tensor(-0.5431),tensor(-0.9953),tensor(-0.8939),tensor(-0.9187),tensor(0.9547),tensor(0.7655),tensor(-0.9727),tensor(-0.8890),tensor(-0.0398),tensor(-0.9283),tensor(-0.9606),tensor(-0.9390),tensor(-0.7361),tensor(0.7050),tensor(0.9528),tensor(0.7242),tensor(-0.9875),tensor(-0.9995),tensor(0.9712),tensor(0.9988),tensor(0.9988),tensor(-0.9621),tensor(-0.6202),tensor(-0.8603),tensor(0.9979),tensor(-0.6129),tensor(-0.9213),tensor(-0.9696),tensor(-0.9145),tensor(0.9950),tensor(0.9989),tensor(-0.9996),tensor(-0.8431),tensor(-0.8574),tensor(-0.9854),tensor(-0.9641),tensor(0.8471),tensor(-0.9555),tensor(-0.5974),tensor(-0.5589),tensor(0.9238),tensor(0.9772),tensor(0.9141),tensor(-0.9568),tensor(-0.7463),tensor(-0.8750),tensor(0.7797),tensor(0.8739),tensor(-0.9720),tensor(-0.8484),tensor(0.9161),tensor(0.9281),tensor(0.9331),tensor(-0.9411),tensor(0.9998),tensor(-0.8477),tensor(0.9974),tensor(0.9557),tensor(-0.9086),tensor(-0.9788),tensor(-0.9638),tensor(0.9992),tensor(-0.9595),tensor(0.9993),tensor(-0.9296),tensor(0.3617),tensor(0.8916),tensor(0.9439),tensor(-0.9305),tensor(-0.9709),tensor(0.9562),tensor(-0.9987),tensor(0.1252),tensor(0.9995),tensor(0.7803),tensor(0.8558),tensor(0.5140),tensor(0.8336),tensor(-0.8682),tensor(-0.7872),tensor(0.9993),tensor(-0.6413),tensor(0.1287),tensor(-0.4268),tensor(0.8551),tensor(-0.9093),tensor(-0.7459),tensor(-0.9170),tensor(-0.3076),tensor(-0.4715),tensor(-0.9972),tensor(-0.9301),tensor(-0.9279),tensor(0.9388),tensor(-0.8714),tensor(0.7872),tensor(-0.8908),tensor(-0.7706),tensor(0.9242),tensor(-0.8899)
4070766840,tensor(-0.1631),tensor(0.1425),tensor(-0.1063),tensor(0.0906),tensor(0.1483),tensor(0.1089),tensor(0.2700),tensor(0.1285),tensor(-0.0938),tensor(0.1078),tensor(0.0445),tensor(-0.0737),tensor(-0.1495),tensor(-0.1462),tensor(-0.1786),tensor(-0.2003),tensor(-0.0287),tensor(-0.0248),tensor(0.0975),tensor(-0.1012),tensor(-0.2612),tensor(0.1111),tensor(0.1593),tensor(0.0359),tensor(-0.1598),tensor(0.1992),tensor(0.0259),tensor(0.1280),tensor(0.0722),tensor(-0.0938),tensor(-0.1779),tensor(-0.1285),tensor(0.0980),tensor(0.0210),tensor(-0.1457),tensor(-0.1060),tensor(0.1206),tensor(0.1888),tensor(-0.1417),tensor(-0.1977),tensor(0.2793),tensor(0.0871),tensor(-0.1244),tensor(-0.0089),tensor(0.1561),tensor(0.0980),tensor(-0.1506),tensor(0.0669),tensor(0.1224),tensor(0.1707),tensor(0.1944),tensor(-0.0418),tensor(0.1235),tensor(0.0847),tensor(-0.1127),tensor(-0.1140),tensor(0.0581),tensor(0.1554),tensor(-0.1389),tensor(0.1157),tensor(0.1744),tensor(0.0836),tensor(0.1755),tensor(0.0278),tensor(-0.1479),tensor(-0.0888),tensor(0.0104),tensor(-0.1264),tensor(-0.0996),tensor(0.0810),tensor(0.0540),tensor(0.0917),tensor(0.1849),tensor(0.1756),tensor(0.0487),tensor(0.1549),tensor(0.1588),tensor(0.1251),tensor(0.1252),tensor(0.0058),tensor(0.0485),tensor(-0.1196),tensor(0.0193),tensor(0.1416),tensor(0.1033),tensor(0.1107),tensor(-0.1630),tensor(0.1177),tensor(0.2270),tensor(0.1356),tensor(-0.1621),tensor(-0.0301),tensor(-0.1097),tensor(0.1268),tensor(0.0875),tensor(0.1205),tensor(0.0652),tensor(-0.2211),tensor(-0.0452),tensor(0.0966),tensor(-0.1264),tensor(-0.1427),tensor(-0.1238),tensor(0.0918),tensor(0.1234),tensor(0.0633),tensor(0.0938),tensor(-0.1516),tensor(0.1780),tensor(0.0720),tensor(0.1280),tensor(0.1062),tensor(0.0484),tensor(0.0773),tensor(0.1979),tensor(-0.0748),tensor(-0.1555),tensor(-0.1106),tensor(0.0306),tensor(0.1164),tensor(-0.0317),tensor(-0.0552),tensor(-0.0392),tensor(0.0499),tensor(-0.0692),tensor(-0.1630),tensor(-0.1799),tensor(-0.1393),tensor(0.1452),tensor(-0.0459),tensor(0.0846),tensor(0.2743),tensor(-0.1474),tensor(0.0761),tensor(-0.1065),tensor(0.1493),tensor(0.1051),tensor(0.0484),tensor(0.1139),tensor(0.1980),tensor(-0.0425),tensor(0.2514),tensor(0.1012),tensor(-0.1398),tensor(0.1521),tensor(-0.1107),tensor(0.1214),tensor(0.0999),tensor(-0.1611),tensor(0.1422)
4070878220,tensor(-0.3076),tensor(0.2689),tensor(-0.1616),tensor(0.1748),tensor(0.2701),tensor(0.2258),tensor(0.4024),tensor(0.2651),tensor(-0.1992),tensor(0.2032),tensor(0.0370),tensor(-0.2505),tensor(-0.2248),tensor(-0.2435),tensor(-0.2788),tensor(-0.3146),tensor(0.1641),tensor(0.1673),tensor(0.2065),tensor(-0.2176),tensor(-0.3655),tensor(0.1323),tensor(0.2566),tensor(0.0656),tensor(-0.2410),tensor(0.3398),tensor(0.1444),tensor(-0.0857),tensor(0.1147),tensor(-0.1874),tensor(-0.2886),tensor(-0.2479),tensor(0.2623),tensor(0.1539),tensor(-0.2651),tensor(-0.2438),tensor(0.2460),tensor(0.3045),tensor(-0.2394),tensor(-0.3103),tensor(0.4265),tensor(0.2330),tensor(-0.1926),tensor(-0.1763),tensor(0.2639),tensor(0.2351),tensor(-0.3232),tensor(-0.1674),tensor(0.1716),tensor(0.2955),tensor(0.3489),tensor(0.1405),tensor(0.2359),tensor(0.2283),tensor(-0.2563),tensor(-0.1955),tensor(0.1892),tensor(0.2982),tensor(-0.1493),tensor(0.2003),tensor(0.2708),tensor(0.2195),tensor(0.2229),tensor(0.0071),tensor(-0.2994),tensor(-0.1207),tensor(0.1476),tensor(0.1393),tensor(-0.1791),tensor(-0.1083),tensor(-0.1451),tensor(0.2354),tensor(0.2696),tensor(0.3049),tensor(-0.1398),tensor(0.2061),tensor(0.2919),tensor(0.2422),tensor(0.2191),tensor(-0.1518),tensor(-0.1570),tensor(0.0970),tensor(0.1354),tensor(0.2518),tensor(0.2572),tensor(0.2541),tensor(-0.2668),tensor(0.2303),tensor(0.3603),tensor(0.2615),tensor(-0.2694),tensor(-0.1623),tensor(-0.2062),tensor(0.2526),tensor(0.1950),tensor(0.2076),tensor(-0.0258),tensor(-0.3364),tensor(0.1416),tensor(0.2148),tensor(-0.2513),tensor(-0.3065),tensor(-0.2166),tensor(0.2293),tensor(-0.1400),tensor(0.1309),tensor(-0.1206),tensor(-0.2979),tensor(0.3464),tensor(0.2118),tensor(0.2537),tensor(-0.1119),tensor(0.1880),tensor(-0.1411),tensor(0.2627),tensor(-0.1501),tensor(-0.2696),tensor(-0.2094),tensor(0.1779),tensor(0.2491),tensor(-0.1916),tensor(0.1352),tensor(-0.1070),tensor(-0.1399),tensor(-0.1784),tensor(-0.2679),tensor(-0.2667),tensor(-0.2362),tensor(0.2112),tensor(0.0797),tensor(-0.0948),tensor(0.3751),tensor(-0.2188),tensor(0.1398),tensor(-0.2078),tensor(0.2639),tensor(0.1857),tensor(0.1769),tensor(0.1996),tensor(0.2853),tensor(0.1642),tensor(0.3839),tensor(0.2192),tensor(-0.2789),tensor(0.2496),tensor(-0.2326),tensor(0.2543),tensor(0.2129),tensor(-0.2920),tensor(0.2707)
4070808810,tensor(-0.2511),tensor(0.2138),tensor(-0.1253),tensor(0.1236),tensor(0.2087),tensor(0.1695),tensor(0.3300),tensor(0.2016),tensor(-0.1563),tensor(0.1616),tensor(0.0246),tensor(-0.1743),tensor(-0.1719),tensor(-0.1711),tensor(-0.2062),tensor(-0.2558),tensor(0.0741),tensor(0.1200),tensor(0.1581),tensor(-0.1604),tensor(-0.2890),tensor(0.0987),tensor(0.2114),tensor(0.0418),tensor(-0.1650),tensor(0.2734),tensor(0.1205),tensor(-0.0304),tensor(0.0963),tensor(-0.1600),tensor(-0.2142),tensor(-0.1977),tensor(0.2073),tensor(0.1176),tensor(-0.2009),tensor(-0.1927),tensor(0.2088),tensor(0.2356),tensor(-0.1842),tensor(-0.2278),tensor(0.3427),tensor(0.1843),tensor(-0.1415),tensor(-0.1236),tensor(0.1996),tensor(0.1996),tensor(-0.2626),tensor(-0.1037),tensor(0.1324),tensor(0.2303),tensor(0.2846),tensor(0.0751),tensor(0.1714),tensor(0.1897),tensor(-0.1918),tensor(-0.1491),tensor(0.1320),tensor(0.2431),tensor(-0.1176),tensor(0.1387),tensor(0.2057),tensor(0.1613),tensor(0.1522),tensor(0.0129),tensor(-0.2208),tensor(-0.0940),tensor(0.0845),tensor(0.0876),tensor(-0.1224),tensor(-0.0435),tensor(-0.0929),tensor(0.1807),tensor(0.2066),tensor(0.2477),tensor(-0.0754),tensor(0.1578),tensor(0.2266),tensor(0.1701),tensor(0.1692),tensor(-0.0882),tensor(-0.0919),tensor(0.0384),tensor(0.0972),tensor(0.2052),tensor(0.1810),tensor(0.1932),tensor(-0.2160),tensor(0.1781),tensor(0.3101),tensor(0.2209),tensor(-0.2016),tensor(-0.1081),tensor(-0.1625),tensor(0.1824),tensor(0.1585),tensor(0.1689),tensor(-0.0269),tensor(-0.2626),tensor(0.0946),tensor(0.1566),tensor(-0.2106),tensor(-0.2476),tensor(-0.1570),tensor(0.1849),tensor(-0.0897),tensor(0.1033),tensor(-0.0780),tensor(-0.2469),tensor(0.2758),tensor(0.1657),tensor(0.1914),tensor(-0.0655),tensor(0.1522),tensor(-0.0893),tensor(0.1979),tensor(-0.1183),tensor(-0.2103),tensor(-0.1453),tensor(0.1350),tensor(0.1932),tensor(-0.1411),tensor(0.0787),tensor(-0.0743),tensor(-0.0625),tensor(-0.1592),tensor(-0.2167),tensor(-0.2242),tensor(-0.1868),tensor(0.1607),tensor(0.0671),tensor(-0.0431),tensor(0.3068),tensor(-0.1667),tensor(0.1101),tensor(-0.1544),tensor(0.1970),tensor(0.1540),tensor(0.1414),tensor(0.1504),tensor(0.2293),tensor(0.0916),tensor(0.3155),tensor(0.1808),tensor(-0.2232),tensor(0.1967),tensor(-0.1842),tensor(0.1995),tensor(0.1734),tensor(-0.2400),tensor(0.2108)
4070744060,tensor(-0.2181),tensor(0.1402),tensor(-0.1420),tensor(0.0653),tensor(0.1625),tensor(0.0901),tensor(0.2979),tensor(0.1361),tensor(-0.0932),tensor(0.1017),tensor(0.0925),tensor(-0.0979),tensor(-0.1580),tensor(-0.1129),tensor(-0.1818),tensor(-0.2523),tensor(-0.1349),tensor(-0.1264),tensor(0.0899),tensor(-0.0478),tensor(-0.3038),tensor(0.1259),tensor(0.1762),tensor(0.1129),tensor(-0.0863),tensor(0.2233),tensor(0.0175),tensor(0.2429),tensor(0.0753),tensor(-0.1052),tensor(-0.1663),tensor(-0.1172),tensor(0.1485),tensor(0.0494),tensor(-0.1615),tensor(-0.1401),tensor(0.1685),tensor(0.2302),tensor(-0.1827),tensor(-0.1963),tensor(0.3370),tensor(0.0988),tensor(-0.0323),tensor(0.0178),tensor(0.1226),tensor(0.1320),tensor(-0.2122),tensor(0.1797),tensor(0.1255),tensor(0.1745),tensor(0.2879),tensor(-0.1192),tensor(0.1331),tensor(0.1097),tensor(-0.1037),tensor(-0.1187),tensor(0.0229),tensor(0.1897),tensor(-0.1550),tensor(0.0748),tensor(0.1146),tensor(0.0939),tensor(0.1527),tensor(0.0907),tensor(-0.1592),tensor(-0.0573),tensor(-0.0387),tensor(-0.2022),tensor(-0.0234),tensor(0.1951),tensor(0.1658),tensor(0.0827),tensor(0.2071),tensor(0.2104),tensor(0.1496),tensor(0.1530),tensor(0.1623),tensor(0.0807),tensor(0.1114),tensor(0.0824),tensor(0.1530),tensor(-0.2326),tensor(-0.0147),tensor(0.1597),tensor(0.0671),tensor(0.1106),tensor(-0.1733),tensor(0.0831),tensor(0.2983),tensor(0.2054),tensor(-0.1474),tensor(0.0151),tensor(-0.0857),tensor(0.1078),tensor(0.1189),tensor(0.1168),tensor(0.0709),tensor(-0.2401),tensor(-0.0603),tensor(0.1250),tensor(-0.1337),tensor(-0.1846),tensor(-0.0958),tensor(0.1039),tensor(0.2291),tensor(0.0350),tensor(0.1645),tensor(-0.1589),tensor(0.2322),tensor(0.0370),tensor(0.0988),tensor(0.1982),tensor(0.0392),tensor(0.1752),tensor(0.1451),tensor(-0.1210),tensor(-0.1549),tensor(-0.0793),tensor(0.0535),tensor(0.0935),tensor(-0.0458),tensor(-0.1634),tensor(-0.0949),tensor(0.1882),tensor(-0.1079),tensor(-0.1628),tensor(-0.2282),tensor(-0.1514),tensor(0.1167),tensor(-0.0370),tensor(0.2341),tensor(0.3049),tensor(-0.1941),tensor(0.0922),tensor(-0.1111),tensor(0.1460),tensor(0.1141),tensor(0.0613),tensor(0.1637),tensor(0.2429),tensor(-0.1271),tensor(0.2568),tensor(0.0944),tensor(-0.1499),tensor(0.1493),tensor(-0.1409),tensor(0.1416),tensor(0.1429),tensor(-0.1678),tensor(0.1609)
4070750870,tensor(0.9071),tensor(-0.9692),tensor(0.4071),tensor(-0.9550),tensor(-0.9676),tensor(-0.9720),tensor(-0.9629),tensor(-0.9822),tensor(0.9473),tensor(-0.9251),tensor(0.4605),tensor(0.9873),tensor(0.8586),tensor(0.9743),tensor(0.9253),tensor(0.8814),tensor(-0.9997),tensor(-0.9997),tensor(-0.9719),tensor(0.9917),tensor(0.7930),tensor(-0.3240),tensor(-0.8994),tensor(0.3980),tensor(0.9908),tensor(-0.9710),tensor(-0.9708),tensor(0.9999),tensor(-0.7247),tensor(0.8943),tensor(0.9756),tensor(0.9773),tensor(-0.9658),tensor(-0.9434),tensor(0.9458),tensor(0.9367),tensor(-0.9165),tensor(-0.8979),tensor(0.7836),tensor(0.9615),tensor(-0.9329),tensor(-0.9774),tensor(0.9909),tensor(0.9945),tensor(-0.9815),tensor(-0.9452),tensor(0.9550),tensor(0.9999),tensor(-0.7107),tensor(-0.9721),tensor(-0.7574),tensor(-0.9985),tensor(-0.9571),tensor(-0.9693),tensor(0.9841),tensor(0.8911),tensor(-0.9911),tensor(-0.9563),tensor(0.2073),tensor(-0.9725),tensor(-0.9868),tensor(-0.9779),tensor(-0.8743),tensor(0.5798),tensor(0.9843),tensor(0.8546),tensor(-0.9964),tensor(-0.9999),tensor(0.9907),tensor(0.9997),tensor(0.9997),tensor(-0.9869),tensor(-0.8044),tensor(-0.9465),tensor(0.9994),tensor(-0.7963),tensor(-0.9704),tensor(-0.9901),tensor(-0.9681),tensor(0.9987),tensor(0.9998),tensor(-0.9999),tensor(-0.7614),tensor(-0.9440),tensor(-0.9960),tensor(-0.9883),tensor(0.9350),tensor(-0.9844),tensor(-0.7988),tensor(-0.7639),tensor(0.9722),tensor(0.9925),tensor(0.9661),tensor(-0.9853),tensor(-0.8730),tensor(-0.9492),tensor(0.6844),tensor(0.9516),tensor(-0.9840),tensor(-0.9336),tensor(0.9683),tensor(0.9752),tensor(0.9745),tensor(-0.9792),tensor(1.0000),tensor(-0.9284),tensor(0.9992),tensor(0.9861),tensor(-0.9665),tensor(-0.9937),tensor(-0.9880),tensor(0.9998),tensor(-0.9856),tensor(0.9998),tensor(-0.9737),tensor(0.5735),tensor(0.9574),tensor(0.9797),tensor(-0.9741),tensor(-0.9908),tensor(0.9845),tensor(-0.9997),tensor(0.3410),tensor(0.9999),tensor(0.8968),tensor(0.9378),tensor(0.7500),tensor(0.9312),tensor(-0.9441),tensor(-0.6992),tensor(0.9998),tensor(-0.8358),tensor(0.3878),tensor(-0.6272),tensor(0.9369),tensor(-0.9653),tensor(-0.8740),tensor(-0.9674),tensor(-0.5388),tensor(-0.7043),tensor(-0.9991),tensor(-0.9762),tensor(-0.9724),tensor(0.9785),tensor(-0.9468),tensor(0.8983),tensor(-0.9555),tensor(-0.8969),tensor(0.9718),tensor(-0.9554)
4070736160,tensor(-0.2151),tensor(0.2127),tensor(-0.1196),tensor(0.1529),tensor(0.2126),tensor(0.1872),tensor(0.3344),tensor(0.2094),tensor(-0.1516),tensor(0.1681),tensor(0.0157),tensor(-0.1565),tensor(-0.1869),tensor(-0.2196),tensor(-0.2373),tensor(-0.2476),tensor(0.1440),tensor(0.1430),tensor(0.1676),tensor(-0.1999),tensor(-0.2959),tensor(0.1094),tensor(0.2116),tensor(0.0022),tensor(-0.2499),tensor(0.2708),tensor(0.1019),tensor(-0.0618),tensor(0.0985),tensor(-0.1419),tensor(-0.2575),tensor(-0.2044),tensor(0.1690),tensor(0.0805),tensor(-0.2106),tensor(-0.1695),tensor(0.1759),tensor(0.2391),tensor(-0.1778),tensor(-0.2646),tensor(0.3377),tensor(0.1695),tensor(-0.2118),tensor(-0.1178),tensor(0.2406),tensor(0.1610),tensor(-0.2200),tensor(-0.1269),tensor(0.1427),tensor(0.2433),tensor(0.2350),tensor(0.1124),tensor(0.1906),tensor(0.1553),tensor(-0.2037),tensor(-0.1591),tensor(0.1511),tensor(0.2204),tensor(-0.1403),tensor(0.1859),tensor(0.2603),tensor(0.1621),tensor(0.2148),tensor(-0.0161),tensor(-0.2380),tensor(-0.1306),tensor(0.1201),tensor(0.0736),tensor(-0.1886),tensor(-0.0928),tensor(-0.1188),tensor(0.1828),tensor(0.2225),tensor(0.2344),tensor(-0.1210),tensor(0.1868),tensor(0.2335),tensor(0.2143),tensor(0.1863),tensor(-0.1288),tensor(-0.1307),tensor(0.0737),tensor(0.0950),tensor(0.1952),tensor(0.2124),tensor(0.2005),tensor(-0.2166),tensor(0.2052),tensor(0.2683),tensor(0.1766),tensor(-0.2350),tensor(-0.1267),tensor(-0.1791),tensor(0.2084),tensor(0.1413),tensor(0.1753),tensor(0.0167),tensor(-0.2847),tensor(0.0665),tensor(0.1491),tensor(-0.1978),tensor(-0.2126),tensor(-0.1991),tensor(0.1644),tensor(-0.0902),tensor(0.1170),tensor(-0.0614),tensor(-0.2336),tensor(0.2479),tensor(0.1658),tensor(0.2189),tensor(-0.0746),tensor(0.1296),tensor(-0.1077),tensor(0.2769),tensor(-0.0961),tensor(-0.2249),tensor(-0.1877),tensor(0.1079),tensor(0.2113),tensor(-0.1156),tensor(0.1159),tensor(-0.0483),tensor(-0.1388),tensor(-0.1155),tensor(-0.2254),tensor(-0.2101),tensor(-0.1965),tensor(0.2031),tensor(0.0175),tensor(-0.0962),tensor(0.3236),tensor(-0.1541),tensor(0.1054),tensor(-0.1683),tensor(0.2135),tensor(0.1458),tensor(0.1196),tensor(0.1381),tensor(0.2330),tensor(0.1186),tensor(0.3255),tensor(0.1736),tensor(-0.2224),tensor(0.2086),tensor(-0.1633),tensor(0.1869),tensor(0.1495),tensor(-0.2340),tensor(0.2049)
4070051550,tensor(-0.2499),tensor(0.2162),tensor(-0.1265),tensor(0.1282),tensor(0.2108),tensor(0.1763),tensor(0.3279),tensor(0.2046),tensor(-0.1614),tensor(0.1631),tensor(0.0245),tensor(-0.1806),tensor(-0.1739),tensor(-0.1766),tensor(-0.2101),tensor(-0.2554),tensor(0.0944),tensor(0.1317),tensor(0.1599),tensor(-0.1671),tensor(-0.2896),tensor(0.0977),tensor(0.2108),tensor(0.0377),tensor(-0.1745),tensor(0.2743),tensor(0.1222),tensor(-0.0471),tensor(0.0969),tensor(-0.1612),tensor(-0.2181),tensor(-0.2020),tensor(0.2080),tensor(0.1190),tensor(-0.2027),tensor(-0.1937),tensor(0.2060),tensor(0.2342),tensor(-0.1859),tensor(-0.2316),tensor(0.3421),tensor(0.1870),tensor(-0.1492),tensor(-0.1316),tensor(0.2044),tensor(0.2010),tensor(-0.2637),tensor(-0.1220),tensor(0.1320),tensor(0.2345),tensor(0.2805),tensor(0.0895),tensor(0.1740),tensor(0.1907),tensor(-0.1986),tensor(-0.1512),tensor(0.1405),tensor(0.2408),tensor(-0.1165),tensor(0.1439),tensor(0.2130),tensor(0.1649),tensor(0.1594),tensor(0.0085),tensor(-0.2245),tensor(-0.0979),tensor(0.0952),tensor(0.1046),tensor(-0.1322),tensor(-0.0603),tensor(-0.1083),tensor(0.1870),tensor(0.2062),tensor(0.2465),tensor(-0.0929),tensor(0.1581),tensor(0.2312),tensor(0.1800),tensor(0.1726),tensor(-0.1016),tensor(-0.1104),tensor(0.0550),tensor(0.1034),tensor(0.2062),tensor(0.1920),tensor(0.1956),tensor(-0.2157),tensor(0.1847),tensor(0.3069),tensor(0.2176),tensor(-0.2040),tensor(-0.1160),tensor(-0.1667),tensor(0.1887),tensor(0.1605),tensor(0.1707),tensor(-0.0259),tensor(-0.2641),tensor(0.1038),tensor(0.1588),tensor(-0.2094),tensor(-0.2490),tensor(-0.1641),tensor(0.1859),tensor(-0.1045),tensor(0.1088),tensor(-0.0900),tensor(-0.2467),tensor(0.2761),tensor(0.1707),tensor(0.1986),tensor(-0.0798),tensor(0.1550),tensor(-0.1047),tensor(0.2055),tensor(-0.1184),tensor(-0.2140),tensor(-0.1530),tensor(0.1386),tensor(0.1967),tensor(-0.1453),tensor(0.0945),tensor(-0.0739),tensor(-0.0808),tensor(-0.1559),tensor(-0.2198),tensor(-0.2216),tensor(-0.1874),tensor(0.1636),tensor(0.0689),tensor(-0.0628),tensor(0.3071),tensor(-0.1659),tensor(0.1121),tensor(-0.1567),tensor(0.2012),tensor(0.1534),tensor(0.1422),tensor(0.1511),tensor(0.2286),tensor(0.1073),tensor(0.3167),tensor(0.1834),tensor(-0.2239),tensor(0.1992),tensor(-0.1841),tensor(0.2036),tensor(0.1691),tensor(-0.2397),tensor(0.2150)
4070053370,tensor(0.8090),tensor(-0.9293),tensor(0.1894),tensor(-0.9018),tensor(-0.9221),tensor(-0.9368),tensor(-0.9060),tensor(-0.9554),tensor(0.8883),tensor(-0.8542),tensor(0.6044),tensor(0.9675),tensor(0.7258),tensor(0.9409),tensor(0.8451),tensor(0.7388),tensor(-0.9990),tensor(-0.9990),tensor(-0.9343),tensor(0.9779),tensor(0.6113),tensor(-0.0895),tensor(-0.7967),tensor(0.5632),tensor(0.9750),tensor(-0.9283),tensor(-0.9377),tensor(0.9996),tensor(-0.5613),tensor(0.7986),tensor(0.9396),tensor(0.9459),tensor(-0.9199),tensor(-0.8857),tensor(0.8858),tensor(0.8700),tensor(-0.8222),tensor(-0.7837),tensor(0.6148),tensor(0.9127),tensor(-0.8429),tensor(-0.9458),tensor(0.9765),tensor(0.9853),tensor(-0.9549),tensor(-0.8808),tensor(0.8964),tensor(0.9996),tensor(-0.5348),tensor(-0.9328),tensor(-0.5684),tensor(-0.9963),tensor(-0.9055),tensor(-0.9282),tensor(0.9608),tensor(0.7832),tensor(-0.9768),tensor(-0.9010),tensor(-0.0297),tensor(-0.9368),tensor(-0.9662),tensor(-0.9467),tensor(-0.7559),tensor(0.7126),tensor(0.9593),tensor(0.7425),tensor(-0.9896),tensor(-0.9996),tensor(0.9755),tensor(0.9991),tensor(0.9991),tensor(-0.9675),tensor(-0.6441),tensor(-0.8745),tensor(0.9983),tensor(-0.6335),tensor(-0.9310),tensor(-0.9741),tensor(-0.9242),tensor(0.9960),tensor(0.9992),tensor(-0.9997),tensor(-0.8509),tensor(-0.8713),tensor(-0.9879),tensor(-0.9693),tensor(0.8618),tensor(-0.9614),tensor(-0.6226),tensor(-0.5833),tensor(0.9329),tensor(0.9807),tensor(0.9236),tensor(-0.9628),tensor(-0.7650),tensor(-0.8878),tensor(0.7876),tensor(0.8875),tensor(-0.9757),tensor(-0.8626),tensor(0.9256),tensor(0.9371),tensor(0.9411),tensor(-0.9486),tensor(0.9999),tensor(-0.8614),tensor(0.9980),tensor(0.9619),tensor(-0.9195),tensor(-0.9821),tensor(-0.9691),tensor(0.9994),tensor(-0.9649),tensor(0.9994),tensor(-0.9385),tensor(0.3804),tensor(0.9032),tensor(0.9512),tensor(-0.9387),tensor(-0.9752),tensor(0.9620),tensor(-0.9990),tensor(0.1376),tensor(0.9996),tensor(0.7973),tensor(0.8701),tensor(0.5391),tensor(0.8488),tensor(-0.8818),tensor(-0.7963),tensor(0.9995),tensor(-0.6668),tensor(0.1457),tensor(-0.4473),tensor(0.8690),tensor(-0.9198),tensor(-0.7637),tensor(-0.9261),tensor(-0.3283),tensor(-0.4969),tensor(-0.9977),tensor(-0.9392),tensor(-0.9366),tensor(0.9466),tensor(-0.8844),tensor(0.8045),tensor(-0.9027),tensor(-0.7888),tensor(0.9335),tensor(-0.9020)
4070061740,tensor(0.9792),tensor(-0.9897),tensor(0.9240),tensor(-0.9848),tensor(-0.9876),tensor(-0.9905),tensor(-0.9899),tensor(-0.9912),tensor(0.9834),tensor(-0.9773),tensor(-0.9230),tensor(0.9940),tensor(0.9746),tensor(0.9893),tensor(0.9810),tensor(0.9849),tensor(-0.9998),tensor(-0.9999),tensor(-0.9893),tensor(0.9961),tensor(0.9731),tensor(-0.9231),tensor(-0.9779),tensor(-0.9251),tensor(0.9958),tensor(-0.9911),tensor(-0.9878),tensor(0.9999),tensor(-0.9470),tensor(0.9745),tensor(0.9910),tensor(0.9906),tensor(-0.9875),tensor(-0.9822),tensor(0.9818),tensor(0.9814),tensor(-0.9807),tensor(-0.9847),tensor(0.9736),tensor(0.9879),tensor(-0.9866),tensor(-0.9903),tensor(0.9948),tensor(0.9971),tensor(-0.9908),tensor(-0.9845),tensor(0.9887),tensor(0.9999),tensor(-0.9540),tensor(-0.9893),tensor(-0.9670),tensor(-0.9991),tensor(-0.9863),tensor(-0.9886),tensor(0.9931),tensor(0.9766),tensor(-0.9954),tensor(-0.9879),tensor(0.9157),tensor(-0.9900),tensor(-0.9941),tensor(-0.9917),tensor(-0.9748),tensor(-0.9427),tensor(0.9938),tensor(0.9703),tensor(-0.9981),tensor(-0.9999),tensor(0.9955),tensor(0.9999),tensor(0.9999),tensor(-0.9942),tensor(-0.9736),tensor(-0.9889),tensor(0.9995),tensor(-0.9659),tensor(-0.9900),tensor(-0.9957),tensor(-0.9886),tensor(0.9992),tensor(0.9999),tensor(-1.0000),tensor(0.9478),tensor(-0.9850),tensor(-0.9972),tensor(-0.9955),tensor(0.9835),tensor(-0.9922),tensor(-0.9753),tensor(-0.9703),tensor(0.9893),tensor(0.9959),tensor(0.9880),tensor(-0.9931),tensor(-0.9744),tensor(-0.9834),tensor(-0.9477),tensor(0.9893),tensor(-0.9481),tensor(-0.9821),tensor(0.9893),tensor(0.9913),tensor(0.9892),tensor(-0.9911),tensor(1.0000),tensor(-0.9791),tensor(0.9993),tensor(0.9947),tensor(-0.9895),tensor(-0.9968),tensor(-0.9950),tensor(0.9999),tensor(-0.9936),tensor(0.9999),tensor(-0.9902),tensor(0.9320),tensor(0.9864),tensor(0.9905),tensor(-0.9903),tensor(-0.9954),tensor(0.9928),tensor(-0.9998),tensor(0.9052),tensor(0.9999),tensor(0.9752),tensor(0.9834),tensor(0.9722),tensor(0.9838),tensor(-0.9835),tensor(0.9376),tensor(0.9999),tensor(-0.9822),tensor(0.9349),tensor(-0.9358),tensor(0.9811),tensor(-0.9887),tensor(-0.9723),tensor(-0.9854),tensor(-0.9366),tensor(-0.9707),tensor(-0.9985),tensor(-0.9915),tensor(-0.9882),tensor(0.9919),tensor(-0.9845),tensor(0.9742),tensor(-0.9857),tensor(-0.9800),tensor(0.9896),tensor(-0.9846)
4070766841,tensor(-0.0928),tensor(0.1043),tensor(-0.0915),tensor(0.0680),tensor(0.0652),tensor(0.0845),tensor(0.1722),tensor(0.0345),tensor(-0.0620),tensor(0.1136),tensor(0.0603),tensor(0.0090),tensor(-0.0661),tensor(-0.0869),tensor(-0.1078),tensor(-0.1364),tensor(-0.1130),tensor(-0.0716),tensor(0.0063),tensor(-0.0569),tensor(-0.1845),tensor(0.0736),tensor(0.1043),tensor(0.0591),tensor(-0.0531),tensor(0.1320),tensor(-0.0189),tensor(0.1397),tensor(0.0308),tensor(-0.0761),tensor(-0.1003),tensor(-0.0918),tensor(0.0235),tensor(-0.0085),tensor(-0.0838),tensor(-0.0598),tensor(0.0606),tensor(0.0941),tensor(-0.0471),tensor(-0.0969),tensor(0.1389),tensor(0.0413),tensor(-0.0641),tensor(-0.0020),tensor(0.1094),tensor(0.0269),tensor(-0.0826),tensor(0.0912),tensor(0.0856),tensor(0.1048),tensor(0.1362),tensor(-0.0768),tensor(0.0840),tensor(0.0050),tensor(-0.0630),tensor(-0.1022),tensor(0.0171),tensor(0.0989),tensor(-0.1130),tensor(0.0455),tensor(0.0951),tensor(0.0015),tensor(0.1096),tensor(0.0272),tensor(-0.0785),tensor(-0.0454),tensor(-0.0659),tensor(-0.1279),tensor(-0.0648),tensor(0.1120),tensor(0.0804),tensor(0.0336),tensor(0.0997),tensor(0.0668),tensor(0.0810),tensor(0.1047),tensor(0.0842),tensor(0.0545),tensor(0.0193),tensor(0.0496),tensor(0.0809),tensor(-0.1772),tensor(-0.0129),tensor(0.0821),tensor(0.0238),tensor(0.0150),tensor(-0.0763),tensor(0.0692),tensor(0.1653),tensor(0.0853),tensor(-0.0574),tensor(-0.0061),tensor(-0.0467),tensor(0.0460),tensor(0.0547),tensor(0.0605),tensor(0.0873),tensor(-0.1065),tensor(-0.0768),tensor(0.0008),tensor(-0.0546),tensor(-0.0516),tensor(-0.0425),tensor(0.0046),tensor(0.1792),tensor(0.0576),tensor(0.0684),tensor(-0.0430),tensor(0.0660),tensor(0.0216),tensor(0.0514),tensor(0.1495),tensor(0.0005),tensor(0.1009),tensor(0.1046),tensor(-0.0507),tensor(-0.0772),tensor(-0.0342),tensor(-0.0359),tensor(0.0344),tensor(0.0182),tensor(-0.0758),tensor(-0.0072),tensor(0.0840),tensor(-0.0136),tensor(-0.0870),tensor(-0.1101),tensor(-0.1111),tensor(0.0770),tensor(-0.0669),tensor(0.0771),tensor(0.1694),tensor(-0.1099),tensor(0.0932),tensor(-0.0408),tensor(0.0895),tensor(0.0492),tensor(-0.0286),tensor(0.0980),tensor(0.1113),tensor(-0.0960),tensor(0.1436),tensor(0.0487),tensor(-0.0333),tensor(0.1001),tensor(-0.0889),tensor(0.0466),tensor(0.0308),tensor(-0.1015),tensor(0.0690)
4070053371,tensor(-0.2569),tensor(0.2231),tensor(-0.1266),tensor(0.1322),tensor(0.2174),tensor(0.1790),tensor(0.3374),tensor(0.2117),tensor(-0.1651),tensor(0.1681),tensor(0.0207),tensor(-0.1861),tensor(-0.1772),tensor(-0.1815),tensor(-0.2139),tensor(-0.2610),tensor(0.0953),tensor(0.1399),tensor(0.1662),tensor(-0.1722),tensor(-0.2935),tensor(0.0995),tensor(0.2172),tensor(0.0377),tensor(-0.1772),tensor(0.2822),tensor(0.1296),tensor(-0.0532),tensor(0.0996),tensor(-0.1665),tensor(-0.2233),tensor(-0.2070),tensor(0.2159),tensor(0.1256),tensor(-0.2088),tensor(-0.1999),tensor(0.2150),tensor(0.2410),tensor(-0.1880),tensor(-0.2362),tensor(0.3493),tensor(0.1941),tensor(-0.1531),tensor(-0.1372),tensor(0.2100),tensor(0.2072),tensor(-0.2706),tensor(-0.1271),tensor(0.1358),tensor(0.2401),tensor(0.2878),tensor(0.0921),tensor(0.1795),tensor(0.1989),tensor(-0.2029),tensor(-0.1554),tensor(0.1448),tensor(0.2501),tensor(-0.1171),tensor(0.1484),tensor(0.2176),tensor(0.1706),tensor(0.1589),tensor(0.0061),tensor(-0.2318),tensor(-0.0992),tensor(0.0999),tensor(0.1103),tensor(-0.1347),tensor(-0.0640),tensor(-0.1135),tensor(0.1921),tensor(0.2107),tensor(0.2547),tensor(-0.0952),tensor(0.1620),tensor(0.2359),tensor(0.1822),tensor(0.1787),tensor(-0.1055),tensor(-0.1141),tensor(0.0612),tensor(0.1067),tensor(0.2125),tensor(0.1956),tensor(0.2039),tensor(-0.2228),tensor(0.1895),tensor(0.3133),tensor(0.2242),tensor(-0.2105),tensor(-0.1209),tensor(-0.1721),tensor(0.1930),tensor(0.1634),tensor(0.1763),tensor(-0.0338),tensor(-0.2705),tensor(0.1073),tensor(0.1639),tensor(-0.2193),tensor(-0.2566),tensor(-0.1671),tensor(0.1950),tensor(-0.1152),tensor(0.1111),tensor(-0.0966),tensor(-0.2570),tensor(0.2843),tensor(0.1785),tensor(0.2028),tensor(-0.0867),tensor(0.1631),tensor(-0.1107),tensor(0.2078),tensor(-0.1205),tensor(-0.2184),tensor(-0.1563),tensor(0.1447),tensor(0.2047),tensor(-0.1520),tensor(0.0991),tensor(-0.0752),tensor(-0.0854),tensor(-0.1643),tensor(-0.2245),tensor(-0.2274),tensor(-0.1931),tensor(0.1676),tensor(0.0736),tensor(-0.0654),tensor(0.3111),tensor(-0.1688),tensor(0.1132),tensor(-0.1613),tensor(0.2061),tensor(0.1597),tensor(0.1498),tensor(0.1526),tensor(0.2317),tensor(0.1115),tensor(0.3248),tensor(0.1897),tensor(-0.2322),tensor(0.2041),tensor(-0.1900),tensor(0.2081),tensor(0.1779),tensor(-0.2488),tensor(0.2188)
4070053372,tensor(-0.2724),tensor(0.2152),tensor(-0.1497),tensor(0.1275),tensor(0.2321),tensor(0.1625),tensor(0.3666),tensor(0.2171),tensor(-0.1534),tensor(0.1601),tensor(0.0556),tensor(-0.1860),tensor(-0.1981),tensor(-0.1879),tensor(-0.2359),tensor(-0.2953),tensor(0.0193),tensor(0.0353),tensor(0.1615),tensor(-0.1435),tensor(-0.3383),tensor(0.1305),tensor(0.2262),tensor(0.0841),tensor(-0.1737),tensor(0.2962),tensor(0.0957),tensor(0.0698),tensor(0.1011),tensor(-0.1553),tensor(-0.2388),tensor(-0.1934),tensor(0.2207),tensor(0.1141),tensor(-0.2263),tensor(-0.2016),tensor(0.2259),tensor(0.2797),tensor(-0.2146),tensor(-0.2619),tensor(0.3921),tensor(0.1801),tensor(-0.1235),tensor(-0.0895),tensor(0.2033),tensor(0.1946),tensor(-0.2789),tensor(-0.0014),tensor(0.1552),tensor(0.2467),tensor(0.3263),tensor(0.0125),tensor(0.1981),tensor(0.1851),tensor(-0.1887),tensor(-0.1658),tensor(0.1150),tensor(0.2593),tensor(-0.1523),tensor(0.1462),tensor(0.2024),tensor(0.1698),tensor(0.1897),tensor(0.0436),tensor(-0.2444),tensor(-0.0951),tensor(0.0684),tensor(-0.0230),tensor(-0.1109),tensor(0.0385),tensor(0.0033),tensor(0.1715),tensor(0.2439),tensor(0.2732),tensor(0.0015),tensor(0.1865),tensor(0.2354),tensor(0.1685),tensor(0.1808),tensor(-0.0456),tensor(-0.0087),tensor(-0.0557),tensor(0.0605),tensor(0.2181),tensor(0.1729),tensor(0.2006),tensor(-0.2329),tensor(0.1671),tensor(0.3383),tensor(0.2420),tensor(-0.2210),tensor(-0.0816),tensor(-0.1579),tensor(0.1894),tensor(0.1620),tensor(0.1770),tensor(0.0089),tensor(-0.3031),tensor(0.0439),tensor(0.1815),tensor(-0.2106),tensor(-0.2604),tensor(-0.1677),tensor(0.1846),tensor(0.0253),tensor(0.0891),tensor(0.0151),tensor(-0.2487),tensor(0.3055),tensor(0.1394),tensor(0.1868),tensor(0.0309),tensor(0.1300),tensor(0.0061),tensor(0.2147),tensor(-0.1389),tensor(-0.2205),tensor(-0.1525),tensor(0.1301),tensor(0.1895),tensor(-0.1321),tensor(-0.0050),tensor(-0.1021),tensor(0.0130),tensor(-0.1590),tensor(-0.2234),tensor(-0.2570),tensor(-0.2057),tensor(0.1737),tensor(0.0270),tensor(0.0676),tensor(0.3437),tensor(-0.2064),tensor(0.1136),tensor(-0.1693),tensor(0.2149),tensor(0.1625),tensor(0.1352),tensor(0.1813),tensor(0.2692),tensor(0.0224),tensor(0.3352),tensor(0.1697),tensor(-0.2309),tensor(0.2092),tensor(-0.1943),tensor(0.2060),tensor(0.1934),tensor(-0.2457),tensor(0.2242)
4070053373,tensor(-0.2936),tensor(0.2446),tensor(-0.1567),tensor(0.1534),tensor(0.2615),tensor(0.1936),tensor(0.3959),tensor(0.2500),tensor(-0.1776),tensor(0.1806),tensor(0.0449),tensor(-0.2252),tensor(-0.2193),tensor(-0.2235),tensor(-0.2635),tensor(-0.3156),tensor(0.0878),tensor(0.0939),tensor(0.1909),tensor(-0.1818),tensor(-0.3584),tensor(0.1364),tensor(0.2462),tensor(0.0753),tensor(-0.2147),tensor(0.3255),tensor(0.1221),tensor(0.0022),tensor(0.1112),tensor(-0.1715),tensor(-0.2716),tensor(-0.2216),tensor(0.2499),tensor(0.1390),tensor(-0.2554),tensor(-0.2252),tensor(0.2468),tensor(0.3041),tensor(-0.2321),tensor(-0.2945),tensor(0.4201),tensor(0.2104),tensor(-0.1596),tensor(-0.1305),tensor(0.2368),tensor(0.2184),tensor(-0.3070),tensor(-0.0704),tensor(0.1701),tensor(0.2791),tensor(0.3435),tensor(0.0676),tensor(0.2278),tensor(0.2116),tensor(-0.2242),tensor(-0.1865),tensor(0.1542),tensor(0.2861),tensor(-0.1564),tensor(0.1779),tensor(0.2405),tensor(0.2011),tensor(0.2147),tensor(0.0260),tensor(-0.2821),tensor(-0.1123),tensor(0.1151),tensor(0.0429),tensor(-0.1479),tensor(-0.0237),tensor(-0.0578),tensor(0.2070),tensor(0.2642),tensor(0.2986),tensor(-0.0596),tensor(0.2041),tensor(0.2666),tensor(0.2094),tensor(0.2115),tensor(-0.0977),tensor(-0.0732),tensor(0.0140),tensor(0.0911),tensor(0.2399),tensor(0.2178),tensor(0.2360),tensor(-0.2558),tensor(0.2012),tensor(0.3523),tensor(0.2562),tensor(-0.2533),tensor(-0.1192),tensor(-0.1859),tensor(0.2237),tensor(0.1799),tensor(0.2015),tensor(-0.0093),tensor(-0.3338),tensor(0.0844),tensor(0.2085),tensor(-0.2384),tensor(-0.2892),tensor(-0.2007),tensor(0.2167),tensor(-0.0505),tensor(0.1104),tensor(-0.0390),tensor(-0.2821),tensor(0.3367),tensor(0.1763),tensor(0.2240),tensor(-0.0313),tensor(0.1643),tensor(-0.0559),tensor(0.2487),tensor(-0.1473),tensor(-0.2481),tensor(-0.1864),tensor(0.1609),tensor(0.2281),tensor(-0.1650),tensor(0.0544),tensor(-0.1092),tensor(-0.0576),tensor(-0.1737),tensor(-0.2494),tensor(-0.2703),tensor(-0.2269),tensor(0.1988),tensor(0.0471),tensor(0.0039),tensor(0.3633),tensor(-0.2166),tensor(0.1215),tensor(-0.1964),tensor(0.2452),tensor(0.1813),tensor(0.1625),tensor(0.1921),tensor(0.2837),tensor(0.0845),tensor(0.3680),tensor(0.1977),tensor(-0.2633),tensor(0.2337),tensor(-0.2154),tensor(0.2323),tensor(0.2125),tensor(-0.2748),tensor(0.2528)
